country,city,jan,feb,mar,apr,jun,jul,aug,sep,oct,nov,dec,year_avg,alpha_2,alpha_3,region,sub_region
Algeria,Algiers,11.2,11.9,12.8,14.7,21.3,24.6,25.2,23.2,19.4,15.2,12.1,17.4,DZ,DZA,Africa,Northern Africa
Algeria,Tamanrasset,12.8,15.0,18.1,22.2,28.9,28.7,28.2,26.5,22.4,17.3,13.9,21.7,DZ,DZA,Africa,Northern Africa
Algeria,Reggane,16.0,18.2,23.1,27.9,36.4,39.8,38.4,35.5,29.2,22.0,17.8,28.3,DZ,DZA,Africa,Northern Africa
Angola,Luanda,26.7,28.5,28.6,28.2,23.9,22.1,22.1,23.5,25.2,26.7,26.9,25.8,AO,AGO,Africa,Sub-Saharan Africa
Benin,Cotonou,27.3,28.5,28.9,28.6,26.5,25.8,25.6,26.0,26.7,27.6,27.3,27.2,BJ,BEN,Africa,Sub-Saharan Africa
Benin,Parakou,26.5,28.7,29.6,29.0,26.1,25.1,24.7,25.0,26.1,26.6,26.1,26.8,BJ,BEN,Africa,Sub-Saharan Africa
Benin,Kandi,24.9,27.8,30.9,32.1,28.1,26.4,26.0,26.2,27.8,26.5,24.8,27.7,BJ,BEN,Africa,Sub-Saharan Africa
Botswana,Maun,25.4,25.1,24.2,22.6,15.7,15.8,18.8,23.1,26.6,26.4,25.8,22.4,BW,BWA,Africa,Sub-Saharan Africa
Botswana,Gaborone,26,25,24,21,13,13,17,21,23,25,25,21,BW,BWA,Africa,Sub-Saharan Africa
Botswana,Ghanzi,25.9,25.3,24.1,21.2,14.3,14.1,17.1,21.5,24.6,25.7,26.1,21.4,BW,BWA,Africa,Sub-Saharan Africa
Burkina Faso,Ouagadougou,24.8,27.7,30.9,32.6,29.2,27.3,26.4,27.0,28.9,27.7,25.1,28.3,BF,BFA,Africa,Sub-Saharan Africa
Burkina Faso,Ouahigouya,24.2,27.1,30.4,33.0,30.8,27.9,27.2,27.8,29.6,27.4,24.6,28.6,BF,BFA,Africa,Sub-Saharan Africa
Burundi,Bujumbura,23.8,23.8,23.7,23.9,23.3,22.9,24.0,24.7,24.6,23.4,23.6,23.8,BI,BDI,Africa,Sub-Saharan Africa
Cameroon,Garoua,26.0,28.9,32.2,33.0,28.2,26.6,26.4,26.7,28.1,27.3,26.0,28.3,CM,CMR,Africa,Sub-Saharan Africa
Cameroon,Ngaoundéré,20.5,22.2,24.1,24.1,22.1,21.5,22.5,21.7,22.1,20.9,20.4,22.0,CM,CMR,Africa,Sub-Saharan Africa
Cameroon,Douala,27.5,28.1,27.8,27.6,26.2,25.1,24.9,25.6,26.1,26.9,27.2,26.7,CM,CMR,Africa,Sub-Saharan Africa
Cameroon,Yaoundé,23.7,25.3,25.0,24.6,23.4,22.6,23.0,23.1,23.3,23.7,23.7,23.8,CM,CMR,Africa,Sub-Saharan Africa
Cabo Verde,Praia,22.4,22.2,22.9,23.4,24.9,25.4,26.2,26.8,26.4,25.4,23.4,24.4,CV,CPV,Africa,Sub-Saharan Africa
Central African Republic,Bangui,26.0,27.1,27.4,27.1,25.3,25.1,25.1,25.4,25.5,25.7,25.7,26.0,CF,CAF,Africa,Sub-Saharan Africa
Central African Republic,Birao,23.6,26.7,29.0,29.6,28.0,25.9,25.4,26.2,26.6,24.5,22.2,26.5,CF,CAF,Africa,Sub-Saharan Africa
Chad,N'Djamena,23.3,26.9,30.4,33.8,31.0,28.2,26.5,27.8,29.2,27.3,24.0,28.3,TD,TCD,Africa,Sub-Saharan Africa
Chad,Abéché,26.8,28.1,31.2,33.3,32.2,28.7,27.0,28.4,30.0,28.5,25.9,29.4,TD,TCD,Africa,Sub-Saharan Africa
Democratic Republic of the Congo,Kinshasa,26.0,26.2,26.7,26.8,23.7,22.2,23.5,25.3,26.0,25.9,25.6,25.3,CD,COD,Africa,Sub-Saharan Africa
Democratic Republic of the Congo,Lubumbashi,21.8,21.6,21.8,21.4,17.0,16.8,19.1,22.2,23.8,22.8,21.8,20.8,CD,COD,Africa,Sub-Saharan Africa
Djibouti,Djibouti,25.1,25.7,27.0,28.7,34.2,36.4,36.0,33.1,29.3,26.9,25.4,29.9,DJ,DJI,Africa,Sub-Saharan Africa
Egypt,Cairo,13.6,14.9,16.9,21.2,27.3,27.6,27.4,26,23.3,18.9,15,21.4,EG,EGY,Africa,Northern Africa
Egypt,Alexandria,13.4,13.9,15.7,18.5,24.3,25.9,26.3,25.1,22.0,18.7,14.9,20.0,EG,EGY,Africa,Northern Africa
Equatorial Guinea,Bata,25.6,25.8,25.7,25.6,25.0,24.1,24.2,24.6,24.8,25.2,25.0,25.1,GQ,GNQ,Africa,Sub-Saharan Africa
Equatorial Guinea,Malabo,26.9,27.7,27.6,27.2,25.9,25.3,25.0,25.1,25.5,26.1,26.6,26.3,GQ,GNQ,Africa,Sub-Saharan Africa
Eritrea,Asmara,13.8,14.9,16.3,17.0,17.6,16.3,16.1,15.7,14.9,14.0,13.2,15.6,ER,ERI,Africa,Sub-Saharan Africa
Eritrea,Assab,26.3,26.7,28.5,30.5,33.1,35.0,34.6,32.9,31.2,28.8,26.9,30.5,ER,ERI,Africa,Sub-Saharan Africa
Ethiopia,Mek'ele,19.5,20.5,21.5,22.5,23.5,20.5,20,21.5,20.5,19.5,18.5,22.7,ET,ETH,Africa,Sub-Saharan Africa
Ethiopia,Addis Ababa,16,17,17,17,17,15,16,16,16,15,15,16,ET,ETH,Africa,Sub-Saharan Africa
Gabon,Libreville,26.8,27.0,27.1,26.6,25.4,24.3,24.3,25.4,25.7,25.9,26.2,25.9,GA,GAB,Africa,Sub-Saharan Africa
Gabon,Port-Gentil,26.9,27.3,27.3,27.1,24.4,23.5,24.7,25.4,25.9,26.1,26.5,26.0,GA,GAB,Africa,Sub-Saharan Africa
Gambia,Banjul,23,25,25,25,27,27,27,27,27,26,24,26,GM,GMB,Africa,Sub-Saharan Africa
Ghana,Accra,27.3,27.7,27.7,27.7,25.6,24.4,24.3,25.2,26.0,27.0,27.2,26.4,GH,GHA,Africa,Sub-Saharan Africa
Ghana,Tamale,27.9,30.1,30.9,29.8,26.8,26.0,25.8,25.9,27.3,28.2,27.5,27.9,GH,GHA,Africa,Sub-Saharan Africa
Ghana,Kumasi,26,27,27,27,26,24,24,24,25,26,25,26,GH,GHA,Africa,Sub-Saharan Africa
Guinea,Conakry,26.1,26.5,27.0,27.4,26.5,25.5,25.2,25.6,26.3,27.0,26.6,26.4,GN,GIN,Africa,Sub-Saharan Africa
Guinea,Kankan,24.3,26.3,29.6,30.1,26.4,25.3,25.1,25.5,26.4,27.0,23.8,26.5,GN,GIN,Africa,Sub-Saharan Africa
Guinea-Bissau,Bissau,26,27,28,28,28,27,26,27,28,27,26,27,GW,GNB,Africa,Sub-Saharan Africa
Ivory Coast,Gagnoa,26,27,27,27,26,25,25,25,26,26,26,26,CI,CIV,Africa,Sub-Saharan Africa
Ivory Coast,Bouaké,27,28,28,27,25,24,24,24,25,26,26,26,CI,CIV,Africa,Sub-Saharan Africa
Ivory Coast,Abidjan,27,28,28,28,26,25,24,25,26,27,27,26,CI,CIV,Africa,Sub-Saharan Africa
Ivory Coast,Odienné,25,27,28,28,26,25,25,25,25,25,23,26,CI,CIV,Africa,Sub-Saharan Africa
Kenya,Mombasa,27.6,28.1,28.3,27.6,24.8,24.0,24.0,24.7,25.7,26.9,27.4,26.3,KE,KEN,Africa,Sub-Saharan Africa
Kenya,Nairobi,18.0,18.8,19.4,19.2,16.3,15.6,15.9,17.3,18.5,18.4,18.1,17.8,KE,KEN,Africa,Sub-Saharan Africa
Kenya,Garissa,29.7,30.6,31.4,30.7,27.9,27.4,27.6,28.4,29.7,29.9,29.2,29.3,KE,KEN,Africa,Sub-Saharan Africa
Kenya,Lodwar,28.7,29.6,30.1,29.6,29.1,28.4,28.7,29.6,30.1,29.1,28.5,29.3,KE,KEN,Africa,Sub-Saharan Africa
Libya,Tripoli,12,13,15,18,26,27,28,27,23,17,13,20,LY,LBY,Africa,Northern Africa
Libya,Benghazi,12.5,13.2,14.9,18.7,25.5,25.9,26.5,25.1,22.1,18.2,14.1,19.9,LY,LBY,Africa,Northern Africa
Madagascar,Fianarantsoa,20.8,20.8,20.0,18.9,14.5,14.0,14.4,16.2,18.3,19.7,20.4,17.9,MG,MDG,Africa,Sub-Saharan Africa
Madagascar,Toamasina,26.0,26.1,25.5,24.6,21.1,20.4,20.5,21.3,22.7,24.3,25.5,23.4,MG,MDG,Africa,Sub-Saharan Africa
Madagascar,Antananarivo,20.5,20.7,20.1,19.2,14.6,14.1,14.5,16.3,18.5,19.7,20.2,17.9,MG,MDG,Africa,Sub-Saharan Africa
Madagascar,Antsiranana,26.0,26.0,26.2,26.3,24.1,23.5,23.4,24.1,25.2,26.3,26.5,25.2,MG,MDG,Africa,Sub-Saharan Africa
Madagascar,Mahajanga,27.1,27.2,27.5,27.4,24.6,24.2,24.6,25.4,26.8,27.7,27.4,26.3,MG,MDG,Africa,Sub-Saharan Africa
Madagascar,Toliara,27.5,27.5,26.8,25.0,20.7,20.3,21.0,22.3,23.9,25.3,26.6,24.1,MG,MDG,Africa,Sub-Saharan Africa
Malawi,Karonga,24.9,25.0,24.7,24.6,22.2,21.7,22.4,24.3,26.4,27.0,25.7,24.4,MW,MWI,Africa,Sub-Saharan Africa
Malawi,Blantyre,23.5,23.4,23.2,22.2,18.5,18.4,20.0,23.1,25.0,25.0,24.0,22.2,MW,MWI,Africa,Sub-Saharan Africa
Malawi,Mzuzu,19.9,20.0,19.5,18.7,13.9,13.1,14.0,16.7,19.4,20.5,20.1,17.7,MW,MWI,Africa,Sub-Saharan Africa
Mali,Ségou,24,27,30,33,30,28,27,27,29,27,25,28,ML,MLI,Africa,Sub-Saharan Africa
Mali,Timbuktu,21,23,27,31,34,32,31,31,30,26,21,28,ML,MLI,Africa,Sub-Saharan Africa
Mali,Bamako,25.1,27.8,30.2,31.6,29.1,26.8,26.1,26.6,27.7,26.5,24.8,27.8,ML,MLI,Africa,Sub-Saharan Africa
Mauritania,Nouadhibou,18.3,19.2,20.1,19.9,22.8,22.4,23.5,24.6,23.3,21.2,19.2,21.3,MR,MRT,Africa,Sub-Saharan Africa
Mauritania,Nouakchott,21.5,23.0,24.2,24.3,26.7,27.3,28.4,29.6,28.8,25.8,22.8,25.7,MR,MRT,Africa,Sub-Saharan Africa
Morocco,Rabat,12.6,13.1,14.2,15.2,19.8,22.2,22.4,21.5,19.0,15.9,13.2,17.2,MA,MAR,Africa,Northern Africa
Morocco,Marrakesh,12.2,13.8,15.8,17.3,23.8,28.3,28.3,25.3,21.1,16.3,12.6,19.6,MA,MAR,Africa,Northern Africa
Morocco,Ouarzazate,9.3,11.9,14.8,17.6,25.9,29.5,28.8,24.6,19.4,13.7,9.5,18.9,MA,MAR,Africa,Northern Africa
Mozambique,Maputo,26.3,26.2,25.6,23.5,18.9,18.8,20.0,21.5,22.4,23.8,25.5,22.8,MZ,MOZ,Africa,Sub-Saharan Africa
Niger,Niamey,24.3,27.3,30.9,33.8,31.5,29.0,27.9,29.0,30.8,27.9,25.0,29.3,NE,NER,Africa,Sub-Saharan Africa
Nigeria,Lagos,27.3,28.5,28.5,28,25.6,25.3,25.1,25.5,26.4,27.2,27.2,26.8,NG,NGA,Africa,Sub-Saharan Africa
Nigeria,Makurdi,26.9,27.3,27.3,27.1,24.4,23.5,24.7,25.4,25.9,26.1,26.5,26.0,NG,NGA,Africa,Sub-Saharan Africa
Nigeria,Jos,27.3,28.7,30.4,30.2,26.6,24.4,24.3,26.1,27.8,28.0,27.2,27.4,NG,NGA,Africa,Sub-Saharan Africa
Nigeria,Kano,21.2,24.4,28.7,31.3,28.2,26.2,25.5,26.6,27.3,24.6,21.6,26.4,NG,NGA,Africa,Sub-Saharan Africa
Nigeria,Sokoto,25,26,30,32,31,28,27,28,28,27,25,28,NG,NGA,Africa,Sub-Saharan Africa
Democratic Republic of the Congo,Brazzaville,26,26,27,26,23,22,23,25,26,26,26,25,CD,COD,Africa,Sub-Saharan Africa
Democratic Republic of the Congo,Pointe-Noire,27.5,27.6,27.9,27.8,24.5,23.1,23.3,24.5,26.3,26.7,26.9,26.1,CD,COD,Africa,Sub-Saharan Africa
Democratic Republic of the Congo,Dolisie,25,26,26,26,23,21,22,23,25,25,25,24,CD,COD,Africa,Sub-Saharan Africa
Senegal,Dakar,21,21,21,21,25,27,27,27,27,26,23,24,SN,SEN,Africa,Sub-Saharan Africa
Senegal,Thiès,21,21,21,22,26,27,27,27,27,26,23,24,SN,SEN,Africa,Sub-Saharan Africa
Somalia,Bosaso,25.0,25.0,26.7,28.8,35.6,35.6,36.1,33.3,27.8,25.6,25.6,30.0,SO,SOM,Africa,Sub-Saharan Africa
Somalia,Hargeisa,17.7,18.7,21.6,23.0,24.3,23.6,23.6,23.6,24.1,18.7,18.0,21.7,SO,SOM,Africa,Sub-Saharan Africa
Somalia,Mogadishu,26.6,26.9,28.0,28.9,26.7,25.4,25.9,26.5,27.3,27.5,26.9,27.1,SO,SOM,Africa,Sub-Saharan Africa
South Africa,Pretoria,22.6,22.1,21.0,17.9,11.5,11.9,14.7,18.6,20.1,21.0,21.9,18.2,ZA,ZAF,Africa,Sub-Saharan Africa
South Africa,Cape Town,20.4,20.4,19.2,16.9,12.5,11.9,12.4,13.7,15.6,17.9,19.5,16.2,ZA,ZAF,Africa,Sub-Saharan Africa
South Africa,Johannesburg,19.5,19.0,18.0,15.3,9.6,10.0,12.5,15.9,17.1,17.9,19.0,15.5,ZA,ZAF,Africa,Sub-Saharan Africa
South Africa,Bloemfontein,22.8,21.4,19.2,14.9,6.9,7.2,10.1,14.6,17.5,19.9,21.9,15.6,ZA,ZAF,Africa,Sub-Saharan Africa
South Africa,Upington,27.8,26.9,24.7,20.2,12.1,11.9,14.0,18.1,21.4,24.7,26.9,20.4,ZA,ZAF,Africa,Sub-Saharan Africa
South Africa,Durban,24.1,24.3,23.7,21.6,16.6,16.5,17.7,19.2,20.1,21.4,23.1,20.6,ZA,ZAF,Africa,Sub-Saharan Africa
South Sudan,Juba,28.3,29.5,29.9,29.2,26.9,25.9,26.1,26.8,27.5,27.6,27.7,27.8,SS,SSD,Africa,Sub-Saharan Africa
South Sudan,Wau,26.8,28.5,30.4,30.6,27.5,26.3,26.2,26.8,27.4,27.4,26.5,27.8,SS,SSD,Africa,Sub-Saharan Africa
Sudan,Port Sudan,23.3,23.0,24.3,26.5,32.2,34.1,34.5,32.1,29.3,27.3,24.7,28.4,SD,SDN,Africa,Northern Africa
Sudan,Khartoum,23.2,25.0,28.7,31.9,34.3,32.1,31.5,32.5,32.4,28.1,24.5,29.9,SD,SDN,Africa,Northern Africa
Tanzania,Dar es Salaam,27.4,27.7,27.4,26.5,24.2,23.5,23.7,24.3,25.3,26.3,27.3,25.8,TZ,TZA,Africa,Sub-Saharan Africa
Tanzania,Zanzibar City,28,28,28,27,25,24,25,25,26,27,27,26,TZ,TZA,Africa,Sub-Saharan Africa
Tanzania,Tabora,22,22,22,22,21,21,22,24,25,24,22,23,TZ,TZA,Africa,Sub-Saharan Africa
Tanzania,Dodoma,23.8,23.0,23.5,22.8,21.4,19.8,20.5,22.3,23.8,25.1,24.6,22.7,TZ,TZA,Africa,Sub-Saharan Africa
Togo,Lomé,27.1,28.2,28.5,28.2,26.2,25.3,25.2,25.8,26.6,27.3,27.1,26.9,TG,TGO,Africa,Sub-Saharan Africa
Togo,Mango,26.8,29.4,31.5,31.4,27.5,26.4,26.0,26.4,27.9,27.9,26.7,28.1,TG,TGO,Africa,Sub-Saharan Africa
Tunisia,Tunis,11.5,12.0,13.2,15.6,23.2,26.3,26.8,24.4,20.4,15.9,12.5,18.4,TN,TUN,Africa,Northern Africa
Tunisia,Gabès,12.0,13.3,15.1,17.7,24.0,26.6,27.4,25.6,21.7,16.8,13.0,19.5,TN,TUN,Africa,Northern Africa
Uganda,Kampala,22,22,22,21,20,20,20,20,21,21,21,20,UG,UGA,Africa,Sub-Saharan Africa
Uganda,Entebbe,21,22,22,21,21,20,20,21,21,21,21,21,UG,UGA,Africa,Sub-Saharan Africa
Zambia,Ndola,20.8,20.8,21.0,20.5,16.5,16.7,19.2,22.5,23.7,22.5,21.0,20.3,ZM,ZMB,Africa,Sub-Saharan Africa
Zambia,Lusaka,21.5,21.5,21.1,19.9,15.2,14.9,17.3,21.3,23.5,23.4,21.7,19.9,ZM,ZMB,Africa,Sub-Saharan Africa
Zambia,Livingstone,23.6,23.2,23.1,21.9,16.0,16.1,19.3,23.9,26.2,25.1,23.6,21.8,ZM,ZMB,Africa,Sub-Saharan Africa
Zimbabwe,Harare,21.0,20.7,20.3,18.8,13.7,13.4,15.5,18.6,20.8,21.2,20.9,18.4,ZW,ZWE,Africa,Sub-Saharan Africa
Zimbabwe,Bulawayo,21.8,21.2,20.6,18.7,13.7,13.8,16.4,19.9,21.6,21.7,21.4,18.9,ZW,ZWE,Africa,Sub-Saharan Africa
Afghanistan,Kabul,-2.3,-0.7,6.3,12.8,22.8,25.0,24.1,19.7,13.1,5.9,0.6,12.1,AF,AFG,Asia,Southern Asia
Azerbaijan,Baku,4.4,4.2,7.0,12.9,23.5,26.4,26.3,22.5,16.6,11.2,7.3,15.1,AZ,AZE,Asia,Western Asia
Armenia,Yerevan,-3.6,0.1,6.3,12.9,22.6,26.4,26.1,21.1,13.8,6.2,-0.2,12.4,AM,ARM,Asia,Western Asia
Bahrain,Manama,17.2,18.0,21.2,25.3,32.6,34.1,34.2,32.5,29.3,24.5,19.3,26.5,BH,BHR,Asia,Western Asia
Bangladesh,Dhaka,18.6,22.0,26.3,28.4,29.0,28.7,28.9,28.5,27.4,24.0,20.0,25.9,BD,BGD,Asia,Southern Asia
Cambodia,Phnom Penh,26.6,28.0,29.4,30.2,29.2,28.7,28.5,28.2,27.2,27.1,26.3,28.3,KH,KHM,Asia,South-eastern Asia
China,Beijing,-3.1,0.3,6.7,14.8,24.9,26.7,25.5,20.8,13.7,5.0,-0.9,12.9,CN,CHN,Asia,Eastern Asia
China,Changsha,4.9,7.2,11.2,17.4,25.8,29.2,28.3,23.9,18.4,12.8,7.3,17.4,CN,CHN,Asia,Eastern Asia
China,Chongqing,8.0,10.1,14.0,18.8,25.3,28.5,28.6,24.3,18.7,14.3,9.3,18.6,CN,CHN,Asia,Eastern Asia
China,Guangzhou,13.9,15.2,18.1,22.4,27.8,28.9,28.8,27.5,24.7,20.1,15.5,22.4,CN,CHN,Asia,Eastern Asia
China,Harbin,-17.6,-12.1,-2.7,7.7,21.4,23.3,21.8,15.4,6.8,-4.6,-14.4,5.0,CN,CHN,Asia,Eastern Asia
China,Kunming,9.1,11.4,14.5,17.7,20.5,20.3,20.0,18.5,16.0,12.3,9.2,15.7,CN,CHN,Asia,Eastern Asia
China,Lhasa,-2.1,1.1,4.6,8.1,15.5,15.3,14.5,12.8,8.1,2.2,-1.7,7.6,CN,CHN,Asia,Eastern Asia
China,Shanghai,4.6,6.1,9.6,15.1,24.1,28.4,28.1,24.4,19.3,13.4,7.1,16.7,CN,CHN,Asia,Eastern Asia
China,Ürümqi,-12.1,-9.3,-0.5,10.4,21.8,23.9,22.7,17,8.4,-1.5,-9.4,7.4,CN,CHN,Asia,Eastern Asia
China,Xi'an,0.3,3.6,8.7,15.4,25.3,27.0,25.1,20.3,14.1,7.0,1.5,14.1,CN,CHN,Asia,Eastern Asia
China,Yinchuan,-7.9,-3.8,3.2,11.2,21.5,23.5,21.6,16.3,9.2,1.4,-5.5,9.0,CN,CHN,Asia,Eastern Asia
Timor-Leste,Dili,27.7,27.6,27.4,27.4,26.8,25.5,25.1,25.4,26.0,27.2,27.4,26.6,TL,TLS,Asia,South-eastern Asia
Georgia,Batumi,6,7,8,12,20,22,22,20,16,12,8,14,GE,GEO,Asia,Western Asia
Georgia,Tbilisi,1.2,2.7,6.6,12.2,21.3,24.5,24.1,19.6,13.7,7.8,3.2,12.9,GE,GEO,Asia,Western Asia
Hong Kong,Hong Kong,16.3,16.8,19.1,22.6,27.9,28.8,28.6,27.7,25.5,21.8,17.9,23.3,HK,HKG,Asia,Eastern Asia
India,New Delhi,13.8,16.5,22.1,28.7,34,30.9,29.7,29,26.1,20.5,15.3,25,IN,IND,Asia,Southern Asia
India,Kolkata,20.1,22.8,27.6,30.5,30.4,29.1,28.8,28.8,27.5,23.7,20.3,26.7,IN,IND,Asia,Southern Asia
India,Mumbai,23.7,24.5,26.8,28.4,29.2,27.6,27.2,27.3,28.3,27.2,25.2,27.1,IN,IND,Asia,Southern Asia
Indonesia,Jakarta,26.1,26.1,26.4,27.0,26.7,26.4,26.7,27.0,27.2,27.0,26.4,26.7,ID,IDN,Asia,South-eastern Asia
Indonesia,Denpasar,24.1,24.2,24.0,24.8,23.5,22.5,22.9,23.0,23.7,23.5,23.5,23.7,ID,IDN,Asia,South-eastern Asia
Indonesia,Jayapura,27.1,26.9,27.1,27.3,26.9,26.4,26.6,26.9,27.2,27.3,27.0,27.0,ID,IDN,Asia,South-eastern Asia
Indonesia,Makassar,26.0,26.3,27.4,27.6,26.0,25.6,26.0,26.7,27.5,27.7,26.1,26.7,ID,IDN,Asia,South-eastern Asia
Indonesia,Medan,25.6,26.1,26.7,27.2,27.1,27.0,26.9,26.6,26.1,26.0,25.8,26.5,ID,IDN,Asia,South-eastern Asia
Indonesia,Palembang,26.8,27.1,27.2,27.7,27.4,27.0,27.2,27.5,27.7,27.4,27.0,27.3,ID,IDN,Asia,South-eastern Asia
Indonesia,Pontianak,26.9,27.9,28.2,28.1,27.8,27.5,27.8,28.3,27.7,27.3,27.2,27.7,ID,IDN,Asia,South-eastern Asia
Indonesia,Surabaya,26.8,26.8,27.0,27.3,26.7,26.2,26.5,27.2,28.2,28.3,27.3,27.1,ID,IDN,Asia,South-eastern Asia
Iraq,Baghdad,9.7,12,16.6,22.6,32.3,34.8,34,30.5,24.7,16.5,11.2,22.77,IQ,IRQ,Asia,Western Asia
Iraq,Erbil,6.2,8.1,12.2,17.4,28.9,32.9,32.1,28.2,21.4,14.1,8.3,19.5,IQ,IRQ,Asia,Western Asia
Iran,Tehran,1,5,10,17,27,31,29,26,18,11,5,17,IR,IRN,Asia,Southern Asia
Iran,Ahvaz,12.3,14.7,19.0,24.9,35.2,37.3,36.7,33.0,27.3,19.8,14.0,25.4,IR,IRN,Asia,Southern Asia
Iran,Tabriz,-1.7,0.5,5.6,11.5,22.1,26.0,25.9,21.4,14.5,7.1,1.2,12.6,IR,IRN,Asia,Southern Asia
Israel,Tel Aviv,12,13,15,18,23,26,26,25,22,18,13,20,IL,ISR,Asia,Western Asia
Japan,Sapporo,-3.6,-3.1,0.6,7.1,16.7,20.5,22.3,18.1,11.8,4.9,-0.9,8.9,JP,JPN,Asia,Eastern Asia
Japan,Niigata,2.8,2.9,5.8,11.5,20.7,24.5,26.6,22.5,16.4,10.5,5.6,13.9,JP,JPN,Asia,Eastern Asia
Japan,Tokyo,5.2,5.7,8.7,13.9,21.4,25.0,26.4,22.8,17.5,12.1,7.6,15.4,JP,JPN,Asia,Eastern Asia
Japan,Kyoto,4.6,5.1,8.4,14.2,23.0,26.8,28.2,24.1,17.8,12.1,7.0,15.8,JP,JPN,Asia,Eastern Asia
Japan,Hiroshima,5.2,6.0,9.1,14.7,23.0,27.1,28.2,24.4,18.3,12.5,7.5,16.3,JP,JPN,Asia,Eastern Asia
Japan,Fukuoka,6.6,7.4,10.4,15.1,23.0,27.2,28.1,24.4,19.2,13.8,8.9,17.0,JP,JPN,Asia,Eastern Asia
Japan,Naha,17.0,17.1,18.9,21.4,26.8,28.9,28.7,27.6,25.2,22.1,18.7,23.1,JP,JPN,Asia,Eastern Asia
Kazakhstan,Almaty,-4.7,-3.0,3.4,11.5,21.6,23.8,23.0,17.6,9.9,2.7,-2.8,10.0,KZ,KAZ,Asia,Central Asia
Kazakhstan,Nur-Sultan,-14.2,-14.1,-7.1,5.2,19.5,20.8,18.8,12.3,4.6,-5.4,-12.1,3.5,KZ,KAZ,Asia,Central Asia
North Korea,Pyongyang,-5.8,2.4,4.4,11.2,21.7,24.3,24.6,19.6,12.5,4.7,-2.9,10.8,KP,PRK,Asia,Eastern Asia
South Korea,Seoul,-2.4,0.4,5.7,12.5,22.2,24.9,25.7,21.2,14.8,7.2,0.4,12.5,KR,KOR,Asia,Eastern Asia
Kuwait,Kuwait City,12.5,14.8,19.3,24.9,36.0,37.7,36.8,33.3,27.3,19.9,14.1,25.7,KW,KWT,Asia,Western Asia
Kyrgyzstan,Bishkek,-2.6,-0.8,5.3,12.3,22.4,24.9,23.8,18.5,11.0,4.7,-0.9,11.3,KG,KGZ,Asia,Central Asia
Laos,Vientiane,21.7,24.0,26.7,28.5,27.7,27.5,27.2,27.0,26.4,24.3,21.7,25.9,LA,LAO,Asia,South-eastern Asia
Lebanon,Beirut,14.0,14.0,16.0,18.7,24.9,27.1,27.8,26.8,24.1,19.5,15.8,20.9,LB,LBN,Asia,Western Asia
Malaysia,Kuala Lumpur,26.9,27.3,27.6,27.7,27.9,27.4,27.5,27.2,27.1,26.8,26.7,27.3,MY,MYS,Asia,South-eastern Asia
Maldives,Malé,27.7,28.0,28.5,28.9,28.2,28.0,27.8,27.6,27.6,27.7,27.5,28.0,MV,MDV,Asia,Southern Asia
Mongolia,Ulaanbaatar,"-21.6
(-6.9)",-16.6,-7.4,2.0,15.7,18.2,16.0,9.6,0.5,-11.9,"-19.0
(-2.2)",-0.4,MN,MNG,Asia,Eastern Asia
Myanmar,Mandalay,21.9,24.4,28.8,31.9,30.8,30.8,30.2,29.7,28.8,25.7,22.2,28.0,MM,MMR,Asia,South-eastern Asia
Myanmar,Yangon,25.0,26.3,28.6,30.6,27.4,26.9,26.9,27.4,27.9,27.4,25.4,27.5,MM,MMR,Asia,South-eastern Asia
Nepal,Kathmandu,10.0,11.9,16.1,19.2,23.8,24.1,24.1,23.3,19.1,14.8,11.3,18.3,NP,NPL,Asia,Southern Asia
Oman,Muscat,21,22,25,30,35,34,32,31,30,25,22,28,OM,OMN,Asia,Western Asia
Pakistan,Karachi,18.1,20.2,24.5,28.3,31.4,30.3,28.9,28.9,27.9,23.9,19.5,26.0,PK,PAK,Asia,Southern Asia
Pakistan,Lahore,12.8,15.4,20.5,26.8,33.9,31.5,30.7,29.7,25.6,19.5,14.2,24.3,PK,PAK,Asia,Southern Asia
Philippines,Manila,26.7,27.4,28.7,30.1,29.3,28.5,28.3,28.4,28.4,28.0,27.0,28.4,PH,PHL,Asia,South-eastern Asia
Russia,Dikson,"-24.8
(-12.6)","-25.4
(-13.7)","-22.1
(-7.8)",-17.2,0.4,4.9,5.5,1.6,-7.5,-17.5,"-22.9
(-9.2)",-11.1,RU,RUS,Europe,Eastern Europe
Russia,Irkutsk,-17.8,-14.4,-6.4,2.5,15.4,18.3,15.9,9.2,1.8,-7.6,-15.3,1.0,RU,RUS,Europe,Eastern Europe
Russia,Novosibirsk,-16.5,-14.8,-7.6,2.3,17.1,19.4,16.6,10.2,3.1,-6.9,-14.0,1.7,RU,RUS,Europe,Eastern Europe
Russia,"Petropavlovsk-
Kamchatsky",-7.6,-7.1,-4.6,-0.6,8.2,11.5,12.5,9.7,4.9,-1.3,-5.8,1.9,RU,RUS,Europe,Eastern Europe
Russia,Vladivostok,-12.3,-8.4,-1.9,5.1,13.6,17.6,19.8,16.0,8.9,-0.9,-9.1,4.9,RU,RUS,Europe,Eastern Europe
Russia,Yakutsk,"-38.6
(-37.5)","-33.8
(-28.8)","-20.1
(-4.2)",-4.8,16.4,19.5,15.2,6.1,-7.8,"-27.0
(-16.6)","-37.6
(-35.7)",-8.8,RU,RUS,Europe,Eastern Europe
Saudi Arabia,Abha,13,14,16,18,23,23,22,21,18,15,13,18,SA,SAU,Asia,Western Asia
Saudi Arabia,Riyadh,14,16,21,26,34,36,35,32,27,21,16,26,SA,SAU,Asia,Western Asia
Singapore,Singapore,27,27,28,28,28,28,28,27,27,27,26,27,SG,SGP,Asia,South-eastern Asia
Sri Lanka,Colombo,26.6,26.9,27.7,28.2,27.9,27.6,27.6,27.5,27.0,26.7,26.6,27.4,LK,LKA,Asia,Southern Asia
Syria,Damascus,6.1,7.7,11.4,16.2,25.0,27.3,27.0,24.0,19.0,12.1,7.5,17.0,SY,SYR,Asia,Western Asia
Tajikistan,Dushanbe,2.1,3.8,9.2,15.4,25.3,27.1,24.9,20.1,14.3,8.9,4.8,14.7,TJ,TJK,Asia,Central Asia
Taiwan,Taipei,16.1,16.5,18.5,21.9,27.7,29.6,29.2,27.4,24.5,21.5,17.9,23.0,TW,TWN,,
Thailand,Bangkok,27.0,28.3,29.5,30.5,29.5,29.0,28.8,28.3,28.1,27.8,26.5,28.6,TH,THA,Asia,South-eastern Asia
Thailand,Chiang Mai,21.5,23.9,27.1,29.3,27.6,27.2,26.8,26.7,26.1,24.0,21.4,25.8,TH,THA,Asia,South-eastern Asia
Thailand,Hat Yai,26.0,26.7,27.6,28.0,27.7,27.4,27.4,26.9,26.5,26.0,25.6,27.0,TH,THA,Asia,South-eastern Asia
Thailand,Nakhon Ratchasima,24.3,26.9,28.9,30.0,29.1,28.6,28.1,27.4,26.7,25.4,23.6,27.3,TH,THA,Asia,South-eastern Asia
Turkey,Ankara,0.4,1.9,6.0,11.3,20.1,23.6,23.4,18.8,13.0,7.0,2.6,12.0,TR,TUR,Asia,Western Asia
Turkey,Erzurum,-10.2,-8.7,-2.7,5.1,14.1,18.4,18.7,13.9,7.5,0.4,-6.7,5.1,TR,TUR,Asia,Western Asia
Turkey,İzmir,8.9,9.5,11.7,15.9,25.6,28.0,27.7,23.7,18.8,14.0,10.6,17.9,TR,TUR,Asia,Western Asia
Turkmenistan,Ashgabat,3.5,5.5,10.4,17.4,29.0,31.3,29.6,23.6,16.5,10.2,5.1,17.1,TM,TKM,Asia,Central Asia
United Arab Emirates,Dubai,18.7,19.3,22.3,26.1,32.2,34.4,34.4,32.1,28.7,24.3,20.6,26.9,AE,ARE,Asia,Western Asia
Uzbekistan,Tashkent,1.9,3.9,9.4,15.5,25.8,27.8,26.2,20.6,13.9,8.5,3.5,14.8,UZ,UZB,Asia,Central Asia
Vietnam,Da Lat,15.8,16.7,17.8,18.9,19.0,18.6,18.5,18.4,18.1,17.3,16.2,17.9,VN,VNM,Asia,South-eastern Asia
Vietnam,Da Nang,21.5,22.3,24.2,26.4,29.2,29.3,29.0,27.5,25.9,24.1,22.1,25.8,VN,VNM,Asia,South-eastern Asia
Vietnam,Hanoi,16.4,17.2,20.0,23.9,28.9,29.2,28.6,27.5,24.9,21.5,18.2,23.6,VN,VNM,Asia,South-eastern Asia
Vietnam,Ho Chi Minh City,26.0,26.8,28.0,29.2,27.8,27.5,27.4,27.2,27.0,26.7,26.0,27.4,VN,VNM,Asia,South-eastern Asia
Yemen,Aden,25.7,26.0,27.2,28.9,32.7,32.7,31.5,31.6,28.9,27.1,26.0,29.1,YE,YEM,Asia,Western Asia
Yemen,Sana'a,16,18,20,20,23,24,23,22,18,16,15,20,YE,YEM,Asia,Western Asia
Albania,Tirana,6.7,7.8,10.0,13.4,21.6,24.0,23.8,20.7,16.0,11.7,8.1,15.2,AL,ALB,Europe,Southern Europe
Andorra,Andorra la Vella,2.2,3.5,5.8,7.5,15.4,18.8,18.5,14.9,10.3,5.7,3.0,9.8,AD,AND,Europe,Southern Europe
Austria,Vienna,0.3,1.5,5.7,10.7,18.7,20.8,20.2,15.4,10.2,5.1,1.1,10.4,AT,AUT,Europe,Western Europe
Belarus,Minsk,-4.5,-4.4,0.0,7.2,16.4,18.5,17.5,12.1,6.6,0.6,-3.4,6.7,BY,BLR,Europe,Eastern Europe
Belgium,Brussels,3.3,3.7,6.8,9.8,16.2,18.4,18.0,14.9,11.1,6.8,3.9,10.5,BE,BEL,Europe,Western Europe
Bosnia and Herzegovina,Sarajevo,-0.5,1.4,5.7,10.0,17.7,19.7,19.7,15.3,11.0,5.4,0.9,10.1,BA,BIH,Europe,Southern Europe
Bulgaria,Sofia,-0.5,1.1,5.4,10.6,18.9,21.2,21.0,16.5,11.3,5.1,0.7,10.6,BG,BGR,Europe,Eastern Europe
Croatia,Zagreb,0.3,2.3,6.4,10.7,18.8,20.6,20.1,15.9,10.5,5.0,1.4,10.7,HR,HRV,Europe,Southern Europe
Croatia,Split,8.0,8.4,10.6,13.7,22.8,25.7,25.4,21.2,16.8,12.0,9.1,16.1,HR,HRV,Europe,Southern Europe
Cyprus,Nicosia,10.6,10.6,13.1,17.1,26.9,29.7,29.4,26.2,22.3,16.3,12.0,19.7,CY,CYP,Asia,Western Asia
Czech Republic,Prague,-1.4,-0.4,3.6,8.4,16.1,18.2,17.8,13.5,8.5,3.1,-0.3,8.4,CZ,CZE,Europe,Eastern Europe
Denmark,Copenhagen,1.4,1.4,3.5,7.7,15.6,18.1,17.7,13.9,9.8,5.5,2.5,9.1,DK,DNK,Europe,Northern Europe
Estonia,Tallinn,-3.3,-4.3,-1.0,4.5,14.1,17.2,16.0,11.3,6.5,1.3,-1.9,5.9,EE,EST,Europe,Northern Europe
Finland,Helsinki,-3.9,-4.7,-1.3,3.9,14.6,17.8,16.3,11.5,6.6,1.6,-2.0,5.9,FI,FIN,Europe,Northern Europe
Finland,Kuopio,-9.2,-9.2,-4.1,2.0,14.5,17.5,15.0,9.7,4.1,-2.0,-6.7,3.4,FI,FIN,Europe,Northern Europe
Finland,Oulu,-9.6,-9.3,-4.8,1.4,13.5,16.5,14.1,8.9,3.3,-2.8,-7.1,2.7,FI,FIN,Europe,Northern Europe
France,Marseille,8.4,8.9,11.6,13.8,21.3,24.5,24.1,20.7,16.9,11.8,9.3,15.8,FR,FRA,Europe,Western Europe
France,Paris,4.9,5.6,8.8,11.4,18.2,20.4,20.2,16.9,12.9,8.1,5.4,12.3,FR,FRA,Europe,Western Europe
Germany,Berlin,0.6,2.3,5.1,10.2,17.9,20.3,19.7,15.3,10.5,6.0,1.3,10.3,DE,DEU,Europe,Western Europe
Germany,Frankfurt,1.6,2.4,6.4,10.3,17.8,20,19.5,15.2,10.4,5.6,2.5,10.6,DE,DEU,Europe,Western Europe
Greece,Piraeus,11.1,11.2,13.3,16.9,26.3,29.0,28.8,25.2,20.6,15.8,12.6,19.4,GR,GRC,Europe,Southern Europe
Hungary,Budapest,0.4,2.3,6.1,12.0,19.7,21.5,21.2,16.9,11.8,5.4,1.8,11.3,HU,HUN,Europe,Eastern Europe
Iceland,Reykjavík,-0.5,0.4,0.5,2.9,9.0,10.6,10.3,7.4,4.4,1.1,-0.2,4.3,IS,ISL,Europe,Northern Europe
Ireland,Dublin,5.3,5.3,6.8,8.3,13.6,15.6,15.3,13.4,10.5,7.4,5.6,9.8,IE,IRL,Europe,Northern Europe
Italy,Milan,2.5,4.7,9.0,12.2,20.8,23.6,23.0,19.2,13.4,7.2,3.3,13.0,IT,ITA,Europe,Southern Europe
Italy,Palermo,12.5,12.6,13.5,15.7,22.4,25.6,26.2,24.1,20.3,16.8,13.7,18.5,IT,ITA,Europe,Southern Europe
Italy,Rome,7.5,8.2,10.2,12.6,21.1,24.1,24.5,20.8,16.4,11.4,8.4,15.2,IT,ITA,Europe,Southern Europe
Italy,Napoli,8.7,8.8,11.1,13.2,21.4,24.3,24.7,21.4,17.1,12.4,9.8,15.9,IT,ITA,Europe,Southern Europe
Latvia,Riga,-4.7,-4.2,0.5,5.1,15.5,16.9,16.2,12.0,7.4,2.1,-2.3,6.2,LV,LVA,Europe,Northern Europe
Liechtenstein,Vaduz,0.8,2.1,6.3,9.9,17.1,19.0,18.4,14.9,10.9,5.2,1.9,10.1,LI,LIE,Europe,Western Europe
Lithuania,Vilnius,-6.1,-4.8,-0.6,5.7,15.8,16.9,16.3,11.6,6.6,1.2,-2.9,6.0,LT,LTU,Europe,Northern Europe
Luxembourg,Luxembourg City,0.8,1.6,5.2,8.7,15.9,18.2,17.7,13.9,9.5,4.7,1.8,9.3,LU,LUX,Europe,Western Europe
North Macedonia,Skopje,0.1,2.6,7.6,12.1,21.5,23.8,23.8,18.8,13.1,6.5,1.7,12.4,MK,MKD,Europe,Southern Europe
Malta,Valletta,12.8,12.8,13.3,15.6,22.8,26.1,26.7,23.9,21.1,17.2,13.9,18.8,MT,MLT,Europe,Southern Europe
Moldova,Chișinău,-1.9,-0.8,3.7,10.4,19.9,22.1,21.7,16.3,10.5,4.1,-0.6,10.2,MD,MDA,Europe,Eastern Europe
Monaco,Monaco,10.2,10.2,12.0,13.8,20.9,23.8,24.2,21.1,17.9,13.8,11.2,16.4,MC,MCO,Europe,Western Europe
Montenegro,Podgorica,5.0,6.8,10.0,13.9,22.8,26.0,25.6,21.4,15.9,10.5,6.5,15.3,ME,MNE,Europe,Southern Europe
Netherlands,Amsterdam,3.4,3.5,6.1,9.1,15.4,17.6,17.5,14.7,11.0,7.1,4.0,10.2,NL,NLD,Europe,Western Europe
Norway,Bergen,1.5,1.6,3.3,5.9,13.5,14.5,14.4,11.5,8.7,4.7,2.6,7.7,NO,NOR,Europe,Northern Europe
Norway,Oslo,-4.3,-4.0,-0.2,4.5,15.2,16.4,15.2,10.8,6.3,0.7,-3.1,5.7,NO,NOR,Europe,Northern Europe
Norway,Tromsø,-3.8,-3.7,-2.3,0.7,9.2,11.8,10.9,6.9,3.2,-0.6,-2.7,2.9,NO,NOR,Europe,Northern Europe
Poland,Cracow,-1.0,0.4,4.1,9.8,18.3,20.0,19.2,14.1,9.2,4.4,0.2,9.3,PL,POL,Europe,Eastern Europe
Poland,Suwałki,-3.3,-2.6,0.9,7.3,15.9,18.1,17.4,12.5,7.0,2.3,-1.6,7.2,PL,POL,Europe,Eastern Europe
Poland,Warsaw,-1.8,-0.6,2.8,8.7,17.0,19.2,18.3,13.5,8.5,3.3,-0.7,8.5,PL,POL,Europe,Eastern Europe
Poland,Wrocław,0.0,1.1,4.3,9.7,17.7,19.7,19.3,14.5,9.6,4.8,1.1,9.6,PL,POL,Europe,Eastern Europe
Portugal,Lisbon,11.6,12.7,14.9,15.9,21.2,23.1,23.5,22.1,18.8,15.0,12.4,17.5,PT,PRT,Europe,Southern Europe
Romania,Bucharest,-1.3,0.4,5.4,11.2,20.6,22.5,22.0,16.9,11.0,4.7,0.2,10.8,RO,ROU,Europe,Eastern Europe
Russia,Arkhangelsk,-12.7,-11.4,-5.5,0.4,13.0,16.3,13.1,8.2,2.3,-5.1,-9.8,1.3,RU,RUS,Europe,Eastern Europe
Russia,Moscow,-6.5,-6.7,-1.0,6.7,17.0,19.2,17.0,11.3,5.6,-1.2,-5.2,5.8,RU,RUS,Europe,Eastern Europe
Russia,Murmansk,-10.1,-9.7,-5.5,-0.7,9.2,12.8,11.1,7.0,1.5,-4.8,-8.2,0.6,RU,RUS,Europe,Eastern Europe
Russia,Rostov-on-Don,-3.0,-2.8,2.4,10.6,21.0,23.4,22.6,16.7,10.0,2.9,-1.6,9.9,RU,RUS,Europe,Eastern Europe
Russia,Saint Petersburg,-5.5,-5.8,-1.3,5.1,15.7,18.8,16.9,11.6,6.2,0.1,-3.7,5.8,RU,RUS,Europe,Eastern Europe
Russia,Sochi,6.1,6.0,8.2,12.1,20.2,23.2,23.6,20.0,15.8,11.1,8.1,14.2,RU,RUS,Europe,Eastern Europe
San Marino,City of San Marino,2.7,4.2,6.4,10.1,18.5,21.3,21.4,17.8,12.8,8.0,4.2,11.8,SM,SMR,Europe,Southern Europe
Serbia,Belgrade,1.4,3.1,7.6,12.9,21.0,23.0,22.7,18.0,12.9,7.1,2.7,12.5,RS,SRB,Europe,Southern Europe
Slovakia,Bratislava,-0.4,1.2,5.5,11.0,19.1,21.3,20.7,15.9,10.4,4.9,0.7,10.5,SK,SVK,Europe,Eastern Europe
Slovenia,Ljubljana,0.3,1.9,6.5,10.8,19.1,21.3,20.6,16.0,11.2,5.6,1.2,10.9,SI,SVN,Europe,Southern Europe
Spain,Barcelona,11.8,12.4,14.2,15.8,23.0,25.7,26.1,23.0,19.5,14.9,12.3,18.2,ES,ESP,Europe,Southern Europe
Spain,Las Palmas de Gran Canaria,18.1,18.4,19.3,19.5,22.2,23.8,24.6,24.3,23.1,21.2,19.3,21.2,ES,ESP,Europe,Southern Europe
Spain,Madrid,6.3,7.9,11.2,12.9,22.2,25.6,25.1,20.9,15.1,9.9,6.9,15.0,ES,ESP,Europe,Southern Europe
Spain,Seville,11.0,12.5,15.6,17.3,25.1,28.2,27.9,25.0,20.2,15.1,11.9,19.2,ES,ESP,Europe,Southern Europe
Spain,Valencia,11.8,12.5,14.6,16.2,22.9,25.6,26.1,23.5,19.7,15.3,12.6,18.3,ES,ESP,Europe,Southern Europe
Sweden,Stockholm,-2.8,-3.0,0.1,4.6,15.6,17.2,16.2,11.9,7.5,2.6,-1.0,6.6,SE,SWE,Europe,Northern Europe
Switzerland,Zürich,0.3,1.3,5.3,8.8,16.4,18.6,18.0,14.1,9.9,4.4,1.4,9.3,CH,CHE,Europe,Western Europe
Turkey,Istanbul,5.7,5.7,7.0,11.1,20.4,22.9,23.1,19.8,15.6,11.5,8.0,13.9,TR,TUR,Asia,Western Asia
Ukraine,Kiev,-3.5,-3.0,1.8,9.3,18.5,20.5,19.7,14.2,8.4,1.9,-2.3,8.4,UA,UKR,Europe,Eastern Europe
Ukraine,Lviv,-3.1,-2.2,1.9,8.3,16.4,18.3,17.7,13.0,8.1,2.6,-1.8,7.8,UA,UKR,Europe,Eastern Europe
Ukraine,Odessa,-0.5,-0.2,3.5,9.4,20.0,22.6,22.3,17.2,11.6,5.7,1.1,10.7,UA,UKR,Europe,Eastern Europe
United Kingdom,Edinburgh,4.2,4.5,6.2,8.1,13.5,15.3,15.2,13.0,9.8,6.7,4.2,9.3,GB,GBR,Europe,Northern Europe
United Kingdom,London,4.3,4.5,6.9,8.7,15.1,17.3,17.0,14.3,10.9,7.2,4.7,10.3,GB,GBR,Europe,Northern Europe
Antigua and Barbuda,St. John's,25.4,25.2,25.6,26.3,27.9,28.2,28.3,28.1,27.5,26.8,25.9,26.9,AG,ATG,Americas,Latin America and the Caribbean
Aruba,Oranjestad,26.7,26.8,27.2,27.9,28.7,28.6,29.1,29.2,28.7,28.1,27.2,28.1,AW,ABW,Americas,Latin America and the Caribbean
Bahamas,Nassau,21.1,21.1,22.2,23.4,26.9,27.9,27.9,27.3,25.9,23.8,21.9,24.6,BS,BHS,Americas,Latin America and the Caribbean
Barbados,Bridgetown,25.8,25.7,26.2,26.8,27.7,27.6,27.8,27.7,27.5,27.0,26.4,27.0,BB,BRB,Americas,Latin America and the Caribbean
Belize,Belize City,24.0,24.9,25.9,27.3,28.5,28.1,28.2,28.0,27.0,25.6,24.5,26.7,BZ,BLZ,Americas,Latin America and the Caribbean
Bermuda,Hamilton,18.3,18.0,18.2,19.6,25.0,27.2,27.6,26.6,24.4,21.6,19.5,22.3,BM,BMU,Americas,Northern America
Canada,Calgary,-7.1,-5.4,-1.6,4.6,13.7,16.5,15.8,11.0,5.2,-2.4,-6.8,4.4,CA,CAN,Americas,Northern America
Canada,Edmonton,-10.4,-7.6,-2.5,5.4,15.5,17.7,16.9,11.4,5.1,-4.1,-8.8,4.2,CA,CAN,Americas,Northern America
Canada,Gjoa Haven,"-33.8
(-28.8)","-34.0
(-29.2)","-28.9
(-20.0)","-20.4
(-4.7)",1.4,8.0,5.8,0.1,-9.5,"-22.4
(-8.3)","-29.9
(-21.8)",-14.4,CA,CAN,Americas,Northern America
Canada,Halifax,-4.1,-3.6,-0.2,4.9,15.2,18.8,19.1,15.5,9.9,4.8,-0.8,7.5,CA,CAN,Americas,Northern America
Canada,Iqaluit,"-26.9
(-16.4)","-27.5
(-17.5)","-23.2
(-9.8)",-14.2,3.6,8.2,7.1,2.6,-3.7,-12.0,"-21.3
(-6.3)",-9.3,CA,CAN,Americas,Northern America
Canada,Moncton,-8.2,-7.0,-2.3,4.2,16.0,19.5,19.0,14.5,8.3,2.5,-4.3,6.1,CA,CAN,Americas,Northern America
Canada,Montreal,-9.7,-7.7,-2.0,6.4,18.6,21.2,20.1,15.5,8.5,2.1,-5.4,6.8,CA,CAN,Americas,Northern America
Canada,Ottawa,-10.2,-7.9,-2.2,6.5,18.7,21.2,19.9,15.3,8.4,2.0,-5.6,6.6,CA,CAN,Americas,Northern America
Canada,Saskatoon,-13.9,-11.4,-4.9,5.2,16.1,19.0,18.2,12.0,4.4,-5.2,-12.4,3.3,CA,CAN,Americas,Northern America
Canada,St. John's,-4.5,-4.9,-2.6,1.9,10.9,15.8,16.1,12.4,7.4,3.0,-1.5,5.0,CA,CAN,Americas,Northern America
Canada,Toronto,-3.7,-2.6,1.4,7.9,19.4,22.3,21.5,17.2,10.7,4.9,-0.5,9.4,CA,CAN,Americas,Northern America
Canada,Vancouver,4.1,4.9,6.9,9.4,15.7,18.0,18.0,14.9,10.3,6.3,3.6,10.4,CA,CAN,Americas,Northern America
Canada,Winnipeg,-16.4,-13.2,-5.8,4.4,17.0,19.7,18.8,12.7,5.0,-4.9,-13.2,3.0,CA,CAN,Americas,Northern America
Canada,Whitehorse,-15.2,-12.7,-6.3,1.0,12.3,14.3,12.6,7.2,0.5,-9.4,-12.5,-0.1,CA,CAN,Americas,Northern America
Canada,Yellowknife,"-25.6
(-14.1)","-22.9
(-9.2)",-16.8,-5.3,13.3,17.0,14.2,7.2,-1.7,-13.7,"-21.8
(-7.2)",-4.3,CA,CAN,Americas,Northern America
Cayman Islands,George Town,25.8,26.1,26.6,27.6,29.2,29.6,29.7,29.3,28.5,27.5,26.2,27.9,KY,CYM,Americas,Latin America and the Caribbean
Costa Rica,San José,22.6,23.0,23.5,23.7,22.5,22.6,22.4,22.0,21.8,21.9,22.3,22.6,CR,CRI,Americas,Latin America and the Caribbean
Cuba,Havana,22.2,22.4,23.7,24.8,27.0,27.6,27.9,27.4,26.1,24.5,23.0,25.2,CU,CUB,Americas,Latin America and the Caribbean
Curaçao,Willemstad,26.6,26.7,27.2,27.8,28.6,28.5,28.9,29.1,28.6,28.0,27.2,28.0,CW,CUW,Americas,Latin America and the Caribbean
Dominica,Roseau,24.9,24.8,25.1,25.8,27.3,27.4,27.4,27.1,26.1,26.2,25.4,26.2,DM,DMA,Americas,Latin America and the Caribbean
Dominican Republic,Santo Domingo,24.4,24.4,24.9,25.6,26.9,27.0,27.1,27.0,26.7,26.0,24.9,25.9,DO,DOM,Americas,Latin America and the Caribbean
Greenland,Nuuk,-7.4,-7.8,-8,-3.8,3.9,6.5,6.1,3.5,-0.7,-3.7,-6.2,-1.4,GL,GRL,Americas,Northern America
Honduras,La Ceiba,23.8,24.0,25.6,26.8,28.0,27.5,27.6,27.4,26.2,25.2,24.3,26.2,HN,HND,Americas,Latin America and the Caribbean
Honduras,Tegucigalpa,19.5,20.4,22.1,23.4,22.6,22.1,22.4,22.2,21.5,20.4,19.7,21.7,HN,HND,Americas,Latin America and the Caribbean
Jamaica,Kingston,25.8,25.9,26.4,26.9,28.5,28.9,28.7,28.4,27.7,27.2,26.7,27.4,JM,JAM,Americas,Latin America and the Caribbean
Mexico,Cabo San Lucas,19.2,19.3,20.2,22.2,25.3,28.1,29.0,28.4,26.7,23.5,20.6,23.9,MX,MEX,Americas,Latin America and the Caribbean
Mexico,Chihuahua,10.0,12.9,15.7,19.2,26.3,25.6,24.3,22.6,18.7,13.7,10.3,18.6,MX,MEX,Americas,Latin America and the Caribbean
Mexico,Guadalajara,17.1,18.4,20.7,22.8,23.9,22.0,21.9,21.8,21.0,19.2,17.5,20.9,MX,MEX,Americas,Latin America and the Caribbean
Mexico,La Paz,17.4,18.1,19.7,22.1,27.1,29.7,30.2,29.3,26.2,22.0,18.6,23.7,MX,MEX,Americas,Latin America and the Caribbean
Mexico,Mexicali,13.1,15.3,18.0,21.3,30.5,33.9,33.5,30.4,24.3,17.5,13.1,23.1,MX,MEX,Americas,Latin America and the Caribbean
Mexico,Mexico City,14.6,15.9,18.1,19.6,19.4,18.2,18.3,18.0,17.1,16.3,15.0,17.5,MX,MEX,Americas,Latin America and the Caribbean
Mexico,Monterrey,14.4,16.6,20,23.4,27.9,28.6,28.5,26.2,22.4,18.4,15.1,22.3,MX,MEX,Americas,Latin America and the Caribbean
Mexico,Tijuana,13.6,14.3,14.8,16.1,19.8,22.2,22.8,22.0,19.5,16.6,14.0,17.8,MX,MEX,Americas,Latin America and the Caribbean
Mexico,Toluca,8.9,10.1,11.8,13.5,14.8,14.0,14.0,13.9,12.4,10.8,9.5,12.4,MX,MEX,Americas,Latin America and the Caribbean
Mexico,Veracruz,21.5,21.9,24.0,25.8,28.1,27.5,27.6,27.2,26.2,24.2,22.6,25.4,MX,MEX,Americas,Latin America and the Caribbean
Mexico,Villahermosa,23.6,24.5,26.6,28.5,29.3,28.9,28.9,28.4,27.1,25.7,24.1,27.1,MX,MEX,Americas,Latin America and the Caribbean
Nicaragua,Managua,26.3,27.2,28.5,29.3,27.2,26.8,27.2,26.8,26.5,26.3,26.2,27.3,NI,NIC,Americas,Latin America and the Caribbean
Panama,Panama City,28,28,28,28,27,27,27,27,27,27,27,28,PA,PAN,Americas,Latin America and the Caribbean
El Salvador,San Salvador,22.2,22.8,23.8,24.5,23.3,23.3,23.2,22.8,22.8,22.4,22.0,23.1,SV,SLV,Americas,Latin America and the Caribbean
Puerto Rico,San Juan,25.3,25.5,26.1,26.8,28.5,28.6,28.7,28.6,28.1,27.0,24.8,27.2,PR,PRI,Americas,Latin America and the Caribbean
Saint Pierre and Miquelon,Saint-Pierre,-2.6,-3.2,-1.4,2.0,9.6,14.1,16.2,13.5,8.9,4.5,0.4,5.7,PM,SPM,Americas,Northern America
United States,Albuquerque,2.4,5.2,8.9,13.3,23.8,25.7,24.6,20.7,14.2,7.2,2.4,14.0,US,USA,Americas,Northern America
United States,Anchorage,-8.3,-6.6,-3.0,2.7,12.9,14.9,13.7,9.2,1.6,-5.4,-7.2,2.8,US,USA,Americas,Northern America
United States,Atlanta,6.4,8.6,12.6,16.7,25.2,26.9,26.4,23.1,17.4,12.3,7.5,17.0,US,USA,Americas,Northern America
United States,Austin,10.8,12.8,16.5,20.7,27.9,29.4,29.9,26.7,21.8,16.1,11.4,20.7,US,USA,Americas,Northern America
United States,Baltimore,0.8,2.4,6.8,12.4,22.8,25.3,24.3,20.2,13.7,8.3,2.9,13.1,US,USA,Americas,Northern America
United States,Boise,-0.4,2.5,6.9,10.4,19.7,24.3,23.7,18.3,11.6,4.4,-0.7,11.4,US,USA,Americas,Northern America
United States,Boston,-1.5,0.0,3.7,9.1,20.0,23.2,22.4,18.4,12.4,7.2,1.7,10.9,US,USA,Americas,Northern America
United States,Charlotte,5.1,7.2,11.3,15.8,24.7,26.4,25.8,22.2,16.3,11.1,6.3,16.1,US,USA,Americas,Northern America
United States,Chicago,-4.6,-2.4,3.2,9.4,20.5,23.3,22.4,18.1,11.4,4.6,-2.4,9.8,US,USA,Americas,Northern America
United States,Columbus,-1.6,0.2,5.3,11.5,21.8,23.8,23.1,19.1,12.6,6.7,0.6,11.7,US,USA,Americas,Northern America
United States,Dallas,7.7,9.9,14.2,18.6,27.4,29.7,29.8,25.6,19.8,13.7,8.4,19.0,US,USA,Americas,Northern America
United States,Denver,-0.3,0.8,4.8,8.9,19.7,23.4,22.3,17.3,10.4,3.8,-0.9,10.4,US,USA,Americas,Northern America
United States,Detroit,-3.7,-2.3,2.7,9.4,20.7,23.0,22.1,17.9,11.2,5.2,-1.2,10.0,US,USA,Americas,Northern America
United States,El Paso,7.3,10.1,13.7,18.2,27.7,28.2,27.3,24.1,18.4,11.7,7.2,18.1,US,USA,Americas,Northern America
United States,Fairbanks,"-21.9
(-7.5)","-18.3
(-0.9)",-11.2,0.5,16.0,17.1,13.6,7.3,-4.2,-16.2,"-19.8
(-3.7)",-2.3,US,USA,Americas,Northern America
United States,Fresno,8.1,10.8,13.7,16.7,25.1,28.3,27.6,24.6,19.0,12.4,8.1,17.9,US,USA,Americas,Northern America
United States,Houston,11.5,13.3,16.9,20.7,27.7,28.9,29.0,26.3,21.7,16.6,12.3,20.8,US,USA,Americas,Northern America
United States,Indianapolis,-2.2,0.1,5.7,11.8,22.3,24.2,23.5,19.5,12.9,6.6,-0.1,11.8,US,USA,Americas,Northern America
United States,Jacksonville,11.7,13.6,16.5,19.4,26.7,27.9,27.6,25.7,21.3,16.8,12.9,20.3,US,USA,Americas,Northern America
United States,Kansas City,-1.8,0.8,6.8,12.7,23.1,25.7,25.0,20.1,13.5,6.4,-0.3,12.5,US,USA,Americas,Northern America
United States,Las Vegas,8.8,11.1,15.0,19.1,29.9,33.2,32.1,27.6,20.4,13.1,8.2,20.3,US,USA,Americas,Northern America
United States,Lake Havasu City,12.2,14.6,18.1,22.4,32.7,36.1,35.5,31.3,24.1,17.0,11.7,23.7,US,USA,Americas,Northern America
United States,Los Angeles,14.4,14.9,15.9,17.3,20.7,22.9,23.5,22.8,20.3,16.9,14.2,18.6,US,USA,Americas,Northern America
United States,Louisville,1.1,3.3,8.3,13.9,23.7,25.7,25.2,21.1,14.8,8.7,2.7,13.9,US,USA,Americas,Northern America
United States,Memphis,5.2,7.5,12.2,17.2,26.4,28.2,27.8,24.0,17.8,11.8,6.4,17.2,US,USA,Americas,Northern America
United States,Miami,19.9,21.1,22.4,24.2,28.1,28.8,28.9,28.2,26.4,23.7,21.2,24.9,US,USA,Americas,Northern America
United States,Milwaukee,-5.2,-3.2,1.9,7.8,19.2,22.3,21.7,17.4,10.9,4.1,-2.9,8.9,US,USA,Americas,Northern America
United States,Minneapolis,-9.1,-6.2,0.4,8.6,20.4,23.2,21.7,16.7,9.4,0.9,-6.8,7.8,US,USA,Americas,Northern America
United States,Nashville,3.4,5.7,10.3,15.3,24.6,26.6,26.2,22.2,16.0,10.2,4.9,15.4,US,USA,Americas,Northern America
United States,New Orleans,11.6,13.4,16.8,20.3,27.2,28.2,28.2,26.2,21.6,16.8,12.9,20.7,US,USA,Americas,Northern America
United States,New York City,0.6,2.1,6.1,11.9,22.1,24.9,24.3,20.2,14.1,8.9,3.3,12.9,US,USA,Americas,Northern America
United States,"Oklahoma
City",3.6,6.1,10.7,15.6,25.1,27.8,27.6,22.8,16.5,9.9,4.3,15.9,US,USA,Americas,Northern America
United States,Omaha,-4.6,-2.1,4.2,10.9,22.3,24.8,23.7,18.8,11.8,3.8,-3.3,10.6,US,USA,Americas,Northern America
United States,Palm Springs,16.3,18.1,20.7,23.7,30.7,33.8,33.6,30.5,24.9,19.2,15.7,24.5,US,USA,Americas,Northern America
United States,Philadelphia,0.5,2.0,6.4,12.2,22.9,25.6,24.7,20.6,14.2,8.7,3.0,13.2,US,USA,Americas,Northern America
United States,Phoenix,13.6,15.4,18.5,22.7,32.7,34.9,34.2,31.3,24.8,17.9,13.1,23.9,US,USA,Americas,Northern America
United States,Pittsburgh,-1.9,-0.4,4.3,10.6,20.5,22.7,22.0,17.9,11.6,6.2,0.3,10.8,US,USA,Americas,Northern America
United States,Portland (OR),5.2,6.6,8.9,11.3,17.6,20.7,20.9,18.1,12.7,8.1,4.7,12.4,US,USA,Americas,Northern America
United States,Sacramento,8.1,10.6,12.7,15.0,22.1,24.2,23.8,22.1,17.9,11.9,8.0,16.3,US,USA,Americas,Northern America
United States,"Salt Lake
City",-1.3,1.3,6.6,10.4,21.1,26.1,25.1,19.1,11.8,4.6,-0.8,11.6,US,USA,Americas,Northern America
United States,San Antonio,11.0,13.1,16.8,20.8,28.1,29.3,29.7,26.6,21.8,16.2,11.6,20.8,US,USA,Americas,Northern America
United States,San Diego,14.2,14.7,15.5,16.8,19.4,21.4,22.2,21.7,19.6,16.6,13.9,17.8,US,USA,Americas,Northern America
United States,"San
Francisco",11.2,12.6,13.3,13.9,15.8,16.3,16.9,17.5,16.8,14.1,11.4,14.6,US,USA,Americas,Northern America
United States,San Jose,10.8,12.5,13.8,15.2,20.2,21.6,21.8,20.7,17.9,13.9,10.6,16.4,US,USA,Americas,Northern America
United States,Seattle,5.4,6.2,7.9,10.1,15.9,18.6,18.8,16.2,11.4,7.4,4.7,11.3,US,USA,Americas,Northern America
United States,St. Louis,-0.1,2.4,7.9,14.1,24.4,26.7,25.9,21.3,14.8,8.2,1.6,13.9,US,USA,Americas,Northern America
United States,Tampa,15.9,17.3,19.5,22.1,27.8,28.2,28.3,27.5,24.4,20.6,17.2,22.9,US,USA,Americas,Northern America
United States,Tucson,11.6,13.1,15.8,19.7,29.6,30.8,29.8,27.7,21.9,15.6,11.3,20.9,US,USA,Americas,Northern America
United States,"Virginia
Beach",4.9,6.1,9.8,14.8,24.3,26.7,25.7,22.6,16.9,11.8,6.9,15.8,US,USA,Americas,Northern America
United States,"Washington,
D.C.",2.3,3.9,8.3,13.8,24.1,26.6,25.7,21.7,15.3,9.8,4.3,14.6,US,USA,Americas,Northern America
United States,Wichita,0.1,2.9,8.1,13.4,24.3,27.3,26.7,21.7,14.6,7.4,0.9,13.9,US,USA,Americas,Northern America
Australia,Adelaide,23.2,23.3,20.9,17.6,12.1,11.4,12.4,14.4,16.7,19.7,21.3,17.3,AU,AUS,Oceania,Australia and New Zealand
Australia,Alice Springs,28,27,25,20,12,11,14,18,22,25,27,21,AU,AUS,Oceania,Australia and New Zealand
Australia,Brisbane,25.8,25.7,24.5,22.3,16.8,16.0,17.0,19.7,21.7,23.5,24.8,21.4,AU,AUS,Oceania,Australia and New Zealand
Australia,Cairns,27,27,26,25,21,21,22,23,25,26,27,25,AU,AUS,Oceania,Australia and New Zealand
Australia,Canberra,20.6,20.1,17.6,13.4,6.7,5.7,7.0,9.8,12.8,15.8,18.8,13.1,AU,AUS,Oceania,Australia and New Zealand
Australia,Dampier,31.0,31.3,30.9,28.6,20.9,19.8,21.2,23.7,26.2,28.3,30.2,26.4,AU,AUS,Oceania,Australia and New Zealand
Australia,Darwin,28.3,28.1,28.3,28.4,25.3,25.0,25.9,27.8,29.1,29.3,29.0,27.6,AU,AUS,Oceania,Australia and New Zealand
Australia,Hobart,16.8,16.9,15.6,13.2,8.6,8.2,9.2,10.8,12.4,14.0,15.6,12.7,AU,AUS,Oceania,Australia and New Zealand
Australia,Melbourne,20.1,20.2,18.6,15.6,10.5,9.8,10.9,12.7,14.7,16.6,18.6,15.1,AU,AUS,Oceania,Australia and New Zealand
Australia,Perth,24.5,24.9,23.1,19.7,14.0,13.0,13.5,14.8,17.3,20.3,22.7,18.7,AU,AUS,Oceania,Australia and New Zealand
Australia,Sydney,22.3,22.3,21.2,18.5,13.1,12.2,13.4,15.5,17.8,19.6,21.3,17.7,AU,AUS,Oceania,Australia and New Zealand
Chile,Hanga Roa,23.3,23.7,23.1,21.9,18.9,18.0,17.9,18.3,19.0,20.4,21.8,20.5,CL,CHL,Americas,Latin America and the Caribbean
Fiji,Suva,27.4,27.6,26.4,26.6,24.6,23.8,23.7,24.1,25.1,26.1,26.9,25.6,FJ,FJI,Oceania,Melanesia
New Zealand,Auckland,19.1,19.7,18.4,16.1,11.8,10.9,11.3,12.7,14.2,15.7,17.8,15.2,NZ,NZL,Oceania,Australia and New Zealand
New Zealand,Christchurch,17.5,17.2,15.5,12.7,7.1,6.6,7.9,10.3,12.2,14.1,16.1,12.2,NZ,NZL,Oceania,Australia and New Zealand
New Zealand,Dunedin,15.3,15.0,13.7,11.7,7.3,6.6,7.7,9.5,10.9,12.4,13.9,11.1,NZ,NZL,Oceania,Australia and New Zealand
New Zealand,Hamilton,18.4,18.8,17.1,14.5,9.5,8.9,9.8,11.6,13.2,14.9,16.9,13.8,NZ,NZL,Oceania,Australia and New Zealand
New Zealand,Lake Tekapo,15.2,14.8,12.4,9.2,2.6,1.4,3.6,6.5,8.8,11.1,13.2,8.7,NZ,NZL,Oceania,Australia and New Zealand
New Zealand,Napier,19.5,19.4,17.7,15.0,10.0,9.4,10.3,12.3,14.3,16.1,18.4,14.6,NZ,NZL,Oceania,Australia and New Zealand
New Zealand,Palmerston North,17.8,18.3,16.4,13.6,9.1,8.6,9.2,11.0,12.4,13.8,16.2,13.2,NZ,NZL,Oceania,Australia and New Zealand
New Zealand,Tauranga,19.4,19.6,18.0,15.5,10.8,10.2,10.7,12.3,13.9,15.8,18.0,14.8,NZ,NZL,Oceania,Australia and New Zealand
New Zealand,Wellington,16.9,17.2,15.8,13.7,9.7,8.9,9.4,10.8,12.0,13.5,15.4,12.9,NZ,NZL,Oceania,Australia and New Zealand
Papua New Guinea,Port Moresby,27.4,27.3,27.1,27.0,26.1,25.7,26.1,26.5,27.5,27.6,27.8,26.9,PG,PNG,Oceania,Melanesia
Solomon Islands,Honiara,26.7,26.6,26.6,26.5,26.4,26.1,26.2,26.5,26.5,26.7,26.8,26.5,SB,SLB,Oceania,Melanesia
United States,Honolulu,22.9,22.9,23.7,24.6,26.8,27.4,27.8,27.6,26.8,25.4,23.8,25.4,US,USA,Americas,Northern America
Vanuatu,Port Vila,26.4,26.5,26.3,25.3,23.0,22.1,22.0,22.7,23.4,24.6,25.7,24.3,VU,VUT,Oceania,Melanesia
Argentina,Bahía Blanca,23.6,22.1,19.4,14.9,8.1,7.5,9.4,11.6,15.1,18.7,22.0,15.3,AR,ARG,Americas,Latin America and the Caribbean
Argentina,Bariloche,15.0,14.8,11.9,7.9,2.9,2.1,3.0,5.1,8.0,10.8,13.5,8.3,AR,ARG,Americas,Latin America and the Caribbean
Argentina,Buenos Aires,24.9,23.6,21.9,17.9,11.7,11.0,12.8,14.6,17.9,20.7,23.3,17.9,AR,ARG,Americas,Latin America and the Caribbean
Argentina,Comodoro Rivadavia,19.7,18.8,16.3,13.1,6.9,6.6,7.9,10.1,13.0,15.9,18.2,13.0,AR,ARG,Americas,Latin America and the Caribbean
Argentina,Córdoba,24.9,23.1,21.7,18.0,11.4,10.8,13.3,15.7,19.5,21.8,23.7,18.2,AR,ARG,Americas,Latin America and the Caribbean
Argentina,Mar del Plata,20.4,19.8,18.2,14.5,8.4,7.5,8.8,10.4,13.3,15.9,18.5,13.9,AR,ARG,Americas,Latin America and the Caribbean
Argentina,Mendoza,25.5,24.0,21.3,16.2,8.4,7.9,10.6,13.9,18.8,22.2,24.9,17.1,AR,ARG,Americas,Latin America and the Caribbean
Argentina,Neuquén,23.7,22.3,18.9,13.4,6.6,5.8,8.1,11.4,15.6,19.4,22.4,14.7,AR,ARG,Americas,Latin America and the Caribbean
Argentina,Resistencia,26.8,25.9,24.6,21.2,15.4,14.8,16.7,18.5,21.8,23.6,25.8,21.1,AR,ARG,Americas,Latin America and the Caribbean
Argentina,Río Gallegos,13.8,13.2,10.8,7.6,1.4,1.2,3.1,5.7,8.4,11.1,12.8,7.8,AR,ARG,Americas,Latin America and the Caribbean
Argentina,Rosario,24.6,23.2,21.4,17.3,10.7,10.0,12.1,14.5,18.1,21.0,23.4,17.5,AR,ARG,Americas,Latin America and the Caribbean
Argentina,Salta,21.4,20.3,19.5,16.6,10.6,10.1,12.7,15.1,19.1,20.5,21.5,16.7,AR,ARG,Americas,Latin America and the Caribbean
Argentina,San Juan,27.1,25.5,22.8,17.2,8.3,7.7,10.6,14.4,19.8,23.4,26.3,17.9,AR,ARG,Americas,Latin America and the Caribbean
Argentina,"San Miguel
de Tucumán",25.2,24.0,22.6,19.2,12.7,12.2,14.9,17.8,21.8,23.4,24.9,19.5,AR,ARG,Americas,Latin America and the Caribbean
Argentina,Santiago del Estero,26.7,25.5,23.8,19.8,12.7,12.2,15.3,18.5,22.7,24.8,26.5,20.4,AR,ARG,Americas,Latin America and the Caribbean
Argentina,Ushuaia,9.6,9.3,7.7,5.7,1.7,1.3,2.2,4.1,6.2,7.8,9.1,5.7,AR,ARG,Americas,Latin America and the Caribbean
Argentina,Viedma,22.1,20.8,18.3,13.8,7.2,6.6,8.2,10.5,14.3,17.7,20.6,14.2,AR,ARG,Americas,Latin America and the Caribbean
Bolivia,La Paz,9.3,9.0,8.9,8.8,7.3,6.8,8.2,8.7,10.0,10.5,9.7,8.8,BO,BOL,Americas,Latin America and the Caribbean
Bolivia,Santa Cruz de la Sierra,26.8,26.6,26.2,24.7,20.4,21.1,23.0,25.2,26.4,27.1,27.0,24.8,BO,BOL,Americas,Latin America and the Caribbean
Bolivia,Sucre,16.2,15.7,15.8,15.5,13.8,13.9,14.9,16.2,16.9,17.3,16.7,15.6,BO,BOL,Americas,Latin America and the Caribbean
Brazil,Belém,25.6,25.4,25.5,25.6,26.0,25.7,26.0,26.0,26.4,26.5,26.2,25.9,BR,BRA,Americas,Latin America and the Caribbean
Brazil,Belo Horizonte,22.8,23.0,22.9,21.7,18.5,18.0,19.7,21.1,21.7,22.2,22.2,21.1,BR,BRA,Americas,Latin America and the Caribbean
Brazil,Brasília,21.2,21.3,21.5,20.9,18.5,18.3,20.3,21.7,21.6,21.1,21.0,20.6,BR,BRA,Americas,Latin America and the Caribbean
Brazil,Campos do Jordão,17.3,17.5,16.7,14.7,10.1,9.5,11.3,13.4,14.9,15.9,16.6,14.2,BR,BRA,Americas,Latin America and the Caribbean
Brazil,Curitiba,20.4,20.6,19.6,17.2,13.1,12.9,14.1,15.0,16.5,18.2,19.3,16.8,BR,BRA,Americas,Latin America and the Caribbean
Brazil,Florianópolis,24.9,25.1,24.5,22.2,17.2,16.4,17.0,18.3,20.3,22.2,24.0,20.9,BR,BRA,Americas,Latin America and the Caribbean
Brazil,Fortaleza,27.1,26.9,26.4,26.2,25.8,25.6,26.0,26.4,26.9,27.2,27.3,26.6,BR,BRA,Americas,Latin America and the Caribbean
Brazil,Goiânia,23.8,23.8,24.0,23.6,20.9,20.9,23.0,24.5,24.6,24.1,23.5,23.2,BR,BRA,Americas,Latin America and the Caribbean
Brazil,Manaus,26.1,25.9,26.0,26.2,26.4,26.5,27.3,27.7,27.7,27.2,26.6,26.7,BR,BRA,Americas,Latin America and the Caribbean
Brazil,Porto Alegre,24.6,24.6,23.1,19.9,14.3,14.4,15.2,16.8,19.1,21.2,23.3,19.5,BR,BRA,Americas,Latin America and the Caribbean
Brazil,Recife,26.5,26.5,26.4,25.9,24.5,23.9,23.9,24.6,25.5,26.1,26.4,25.5,BR,BRA,Americas,Latin America and the Caribbean
Brazil,Rio de Janeiro,26.3,26.6,26.0,24.4,21.8,21.3,21.8,22.2,22.9,24.0,25.3,23.8,BR,BRA,Americas,Latin America and the Caribbean
Brazil,Salvador,26.4,26.5,26.6,26.2,24.3,23.7,23.6,24.3,25.1,25.5,25.9,25.3,BR,BRA,Americas,Latin America and the Caribbean
Brazil,São Joaquim,16.8,17.1,15.9,13.2,9.7,9.8,10.7,12.0,12.8,14.4,16.0,13.3,BR,BRA,Americas,Latin America and the Caribbean
Brazil,São Paulo,22.1,22.4,21.8,19.7,16.3,15.8,17.1,17.9,19.0,20.2,21.1,19.2,BR,BRA,Americas,Latin America and the Caribbean
Brazil,Vitória,26.9,27.4,27.1,25.9,22.8,22.4,22.6,23.2,24.3,24.9,26,24.8,BR,BRA,Americas,Latin America and the Caribbean
Chile,Antofagasta,20.2,20.0,19.1,17.1,14.2,13.7,14.0,14.7,15.8,17.3,18.9,16.7,CL,CHL,Americas,Latin America and the Caribbean
Chile,Concepción,16.5,15.9,14.5,12.3,9.5,8.8,9.3,10.2,11.9,13.8,15.6,12.4,CL,CHL,Americas,Latin America and the Caribbean
Chile,La Serena,17.1,16.9,15.6,13.7,10.9,10.7,10.9,11.6,12.9,14.6,16.1,13.6,CL,CHL,Americas,Latin America and the Caribbean
Chile,Punta Arenas,10.8,10.3,8.5,6.2,1.5,1.4,2.3,4.2,6.4,8.4,9.9,6.1,CL,CHL,Americas,Latin America and the Caribbean
Chile,Santiago,21.2,20.3,18.2,14.4,9.0,8.2,9.8,12.0,15.0,17.7,20.1,14.7,CL,CHL,Americas,Latin America and the Caribbean
Colombia,Bogotá,14.3,14.5,14.9,14.9,14.5,14.6,14.1,14.3,14.3,14.4,14.6,14.4,CO,COL,Americas,Latin America and the Caribbean
Colombia,Barranquilla,26.5,26.7,27.0,27.5,28.1,27.9,27.9,27.6,27.2,27.4,26.9,27.4,CO,COL,Americas,Latin America and the Caribbean
Colombia,Medellín,22.4,22.7,22.7,22.4,22.9,23.1,23.1,22.4,21.8,21.8,21.9,22.5,CO,COL,Americas,Latin America and the Caribbean
Ecuador,Guayaquil,27.1,27.3,28.0,27.8,25.7,25.0,25.2,25.5,25.6,26.2,27.1,26.5,EC,ECU,Americas,Latin America and the Caribbean
Ecuador,Quito,14.2,14.0,14.3,14.3,14.5,14.6,15.0,14.8,14.3,14.3,14.4,14.4,EC,ECU,Americas,Latin America and the Caribbean
Falkland Islands,Stanley,9.5,8.9,8.1,6.1,2.2,1.9,2.2,3.9,5.3,7.0,8.1,5.6,FK,FLK,Americas,Latin America and the Caribbean
French Guiana,Cayenne,26.2,26.3,26.5,26.8,26.6,26.6,27.0,27.2,27.3,27.0,26.6,26.7,GF,GUF,Americas,Latin America and the Caribbean
Guyana,Georgetown,26.1,26.4,26.7,27.0,26.5,26.6,27.0,27.5,27.6,27.2,26.4,26.8,GY,GUY,Americas,Latin America and the Caribbean
Paraguay,Asunción,27.5,26.9,25.9,22.8,17.6,17.9,18.6,20.5,23.2,24.9,26.5,22.7,PY,PRY,Americas,Latin America and the Caribbean
Peru,Cusco,12.9,12.7,12.8,12.7,11.4,10.8,11.5,12.7,13.6,13.6,13.2,12.5,PE,PER,Americas,Latin America and the Caribbean
Peru,Lima,22.1,22.7,22.2,20.6,17.5,16.7,16.2,16.4,17.3,18.7,20.7,19.2,PE,PER,Americas,Latin America and the Caribbean
Peru,Piura,26.8,27.8,27.8,26.6,22.9,21.8,21.9,22.3,22.9,23.6,25.2,24.5,PE,PER,Americas,Latin America and the Caribbean
Suriname,Paramaribo,26.0,26.0,26.2,26.7,26.5,26.7,27.4,27.8,27.9,27.3,26.4,26.8,SR,SUR,Americas,Latin America and the Caribbean
Uruguay,Montevideo,23.0,22.5,20.6,17.2,11.1,10.9,11.7,13.4,16.0,18.6,21.3,16.7,UY,URY,Americas,Latin America and the Caribbean
Venezuela,Caracas,20.2,20.8,21.7,22.7,22.6,22.2,22.3,22.7,22.4,22.0,20.7,22.0,VE,VEN,Americas,Latin America and the Caribbean
