Rank,Country,EF EPI Score,Level,Year
1,Norway,69.09,Very High Proficiency,2011
2,Netherlands,67.93,Very High Proficiency,2011
3,Denmark,66.91,Very High Proficiency,2011
4,Sweden,66.26,Very High Proficiency,2011
5,Finland,65.38,Very High Proficiency,2011
6,Austria,58.58,High Proficiency,2011
7,Belgium,57.5,High Proficiency,2011
8,Germany,56.8,High Proficiency,2011
9,Malaysia,55.54,High Proficiency,2011
10,Poland,54.81,Moderate Proficiency,2011
11,Switzerland,54.69,Moderate Proficiency,2011
12,Hong Kong,54.41,Moderate Proficiency,2011
13,South Korea,54.19,Moderate Proficiency,2011
14,Japan,53.82,Moderate Proficiency,2011
15,Portugal,53.66,Moderate Proficiency,2011
16,Argentina,53.48,Moderate Proficiency,2011
17,France,51.48,Moderate Proficiency,2011
18,Mexico,51.31,Moderate Proficiency,2011
19,Czech Republic,51.01,Moderate Proficiency,2011
20,Hungary,50.64,Moderate Proficiency,2011
21,Slovakia,50.64,Moderate Proficiency,2011
22,Costa Rica,49.15,Low Proficiency,2011
23,Italy,49.05,Low Proficiency,2011
24,Spain,49.01,Low Proficiency,2011
25,Taiwan,48.95,Low Proficiency,2011
26,Saudi Arabia,48.05,Low Proficiency,2011
27,Guatemala,47.85,Low Proficiency,2011
28,El Salvador,47.65,Low Proficiency,2011
29,China,47.62,Low Proficiency,2011
30,Brazil,47.35,Low Proficiency,2011
31,India,45.97,Low Proficiency,2011
32,Russia,45.79,Low Proficiency,2011
33,Dominican Republic,44.78,Very Low Proficiency,2011
34,Indonesia,44.71,Very Low Proficiency,2011
35,Peru,44.71,Very Low Proficiency,2011
36,Chile,44.54,Very Low Proficiency,2011
37,Ecuador,44.44,Very Low Proficiency,2011
38,Venezuela,44.35,Very Low Proficiency,2011
39,Vietnam,43.92,Very Low Proficiency,2011
40,Panama,43.67,Very Low Proficiency,2011
41,Colombia,42.77,Very Low Proficiency,2011
42,Thailand,41.82,Very Low Proficiency,2011
43,Turkey,37.66,Very Low Proficiency,2011
44,Kazakhstan,31.74,Very Low Proficiency,2011
1,Sweden,68.91,Very High Proficiency,2012
2,Denmark,67.96,Very High Proficiency,2012
3,Netherlands,66.32,Very High Proficiency,2012
4,Finland,64.37,Very High Proficiency,2012
5,Norway,63.22,Very High Proficiency,2012
6,Belgium,62.46,High Proficiency,2012
7,Austria,62.14,High Proficiency,2012
8,Hungary,60.39,High Proficiency,2012
9,Germany,60.07,High Proficiency,2012
10,Poland,59.08,High Proficiency,2012
11,Czech Republic,58.9,High Proficiency,2012
12,Singapore,58.65,High Proficiency,2012
13,Malaysia,57.95,High Proficiency,2012
14,India,57.49,Moderate Proficiency,2012
15,Switzerland,57.39,Moderate Proficiency,2012
16,Slovakia,56.62,Moderate Proficiency,2012
17,Pakistan,56.03,Moderate Proficiency,2012
18,Spain,55.89,Moderate Proficiency,2012
19,Portugal,55.39,Moderate Proficiency,2012
20,Argentina,55.38,Moderate Proficiency,2012
21,South Korea,55.36,Moderate Proficiency,2012
22,Japan,55.14,Moderate Proficiency,2012
23,France,54.28,Moderate Proficiency,2012
24,Italy,54.01,Moderate Proficiency,2012
25,Hong Kong,53.65,Moderate Proficiency,2012
26,Uruguay,53.42,Low Proficiency,2012
27,Indonesia,53.31,Low Proficiency,2012
28,Iran,52.92,Low Proficiency,2012
29,Russia,52.78,Low Proficiency,2012
30,Taiwan,52.42,Low Proficiency,2012
31,Vietnam,52.14,Low Proficiency,2012
32,Turkey,51.19,Low Proficiency,2012
33,Peru,50.55,Low Proficiency,2012
34,Costa Rica,50.45,Low Proficiency,2012
35,Morocco,49.4,Low Proficiency,2012
36,China,49.0,Low Proficiency,2012
37,Qatar,48.79,Low Proficiency,2012
38,Mexico,48.6,Low Proficiency,2012
39,Chile,48.41,Very Low Proficiency,2012
40,Venezuela,47.5,Very Low Proficiency,2012
41,El Salvador,47.31,Very Low Proficiency,2012
42,Syria,47.22,Very Low Proficiency,2012
43,Ecuador,47.19,Very Low Proficiency,2012
44,Algeria,47.13,Very Low Proficiency,2012
45,Kuwait,47.01,Very Low Proficiency,2012
46,Brazil,46.86,Very Low Proficiency,2012
47,Guatemala,46.66,Very Low Proficiency,2012
48,Egypt,45.92,Very Low Proficiency,2012
49,United Arab Emirates,45.53,Very Low Proficiency,2012
50,Colombia,45.07,Very Low Proficiency,2012
51,Panama,44.68,Very Low Proficiency,2012
52,Saudi Arabia,44.36,Very Low Proficiency,2012
53,Thailand,42.53,Very Low Proficiency,2012
54,Libya,42.53,Very Low Proficiency,2012
1,Sweden,68.69,Very High Proficiency,2013
2,Norway,66.6,Very High Proficiency,2013
3,Netherlands,66.19,Very High Proficiency,2013
4,Estonia,65.55,Very High Proficiency,2013
5,Denmark,65.15,Very High Proficiency,2013
6,Austria,62.66,Very High Proficiency,2013
7,Finland,62.63,Very High Proficiency,2013
8,Poland,62.25,High Proficiency,2013
9,Hungary,60.41,High Proficiency,2013
10,Slovenia,60.19,High Proficiency,2013
11,Malaysia,58.99,High Proficiency,2013
12,Singapore,58.92,High Proficiency,2013
13,Belgium,58.74,High Proficiency,2013
14,Germany,58.47,High Proficiency,2013
15,Latvia,57.66,High Proficiency,2013
16,Switzerland,57.59,High Proficiency,2013
17,Portugal,57.52,High Proficiency,2013
18,Slovakia,54.58,Moderate Proficiency,2013
19,Argentina,54.43,Moderate Proficiency,2013
20,Czech Republic,54.4,Moderate Proficiency,2013
21,India,54.38,Moderate Proficiency,2013
22,Hong Kong SAR,53.54,Moderate Proficiency,2013
23,Spain,53.51,Moderate Proficiency,2013
24,South Korea,53.46,Moderate Proficiency,2013
25,Indonesia,53.44,Moderate Proficiency,2013
26,Japan,53.21,Moderate Proficiency,2013
27,Ukraine,53.09,Moderate Proficiency,2013
28,Vietnam,52.27,Moderate Proficiency,2013
29,Uruguay,51.49,Low Proficiency,2013
30,Sri Lanka,51.47,Low Proficiency,2013
31,Russia,51.08,Low Proficiency,2013
32,Italy,50.97,Low Proficiency,2013
33,Taiwan,50.95,Low Proficiency,2013
34,China,50.77,Low Proficiency,2013
35,France,50.53,Low Proficiency,2013
36,United Arab Emirates,50.37,Low Proficiency,2013
37,Costa Rica,50.23,Low Proficiency,2013
38,Brazil,50.07,Low Proficiency,2013
39,Peru,49.96,Low Proficiency,2013
40,Mexico,49.91,Low Proficiency,2013
41,Turkey,49.52,Low Proficiency,2013
42,Iran,49.3,Low Proficiency,2013
43,Egypt,48.89,Very Low Proficiency,2013
44,Chile,48.2,Very Low Proficiency,2013
45,Morocco,47.71,Very Low Proficiency,2013
46,Colombia,47.07,Very Low Proficiency,2013
47,Kuwait,46.97,Very Low Proficiency,2013
48,Ecuador,46.9,Very Low Proficiency,2013
49,Venezuela,46.44,Very Low Proficiency,2013
50,Jordan,46.44,Very Low Proficiency,2013
51,Qatar,45.97,Very Low Proficiency,2013
52,Guatemala,45.72,Very Low Proficiency,2013
53,El Salvador,45.29,Very Low Proficiency,2013
54,Libya,44.65,Very Low Proficiency,2013
55,Thailand,44.44,Very Low Proficiency,2013
56,Panama,43.61,Very Low Proficiency,2013
57,Kazakhstan,43.47,Very Low Proficiency,2013
58,Algeria,43.16,Very Low Proficiency,2013
59,Saudi Arabia,41.19,Very Low Proficiency,2013
60,Iraq,38.16,Very Low Proficiency,2013
1,Denmark,69.3,Very High Proficiency,2014
2,Netherlands,68.99,Very High Proficiency,2014
3,Sweden,67.8,Very High Proficiency,2014
4,Finland,64.4,Very High Proficiency,2014
5,Norway,64.33,Very High Proficiency,2014
6,Poland,64.26,Very High Proficiency,2014
7,Austria,63.21,Very High Proficiency,2014
8,Estonia,61.39,High Proficiency,2014
9,Belgium,61.21,High Proficiency,2014
10,Germany,60.89,High Proficiency,2014
11,Slovenia,60.6,High Proficiency,2014
12,Malaysia,59.73,High Proficiency,2014
13,Singapore,59.58,High Proficiency,2014
14,Latvia,59.43,High Proficiency,2014
15,Argentina,59.02,High Proficiency,2014
16,Romania,58.63,High Proficiency,2014
17,Hungary,58.55,High Proficiency,2014
18,Switzerland,58.29,High Proficiency,2014
19,Czech Republic,57.42,Moderate Proficiency,2014
20,Spain,57.18,Moderate Proficiency,2014
21,Portugal,56.83,Moderate Proficiency,2014
22,Slovakia,55.96,Moderate Proficiency,2014
23,Dominican Republic,53.66,Moderate Proficiency,2014
24,South Korea,53.62,Moderate Proficiency,2014
25,India,53.54,Moderate Proficiency,2014
26,Japan,52.88,Moderate Proficiency,2014
27,Italy,52.8,Moderate Proficiency,2014
28,Indonesia,52.74,Moderate Proficiency,2014
29,France,52.69,Moderate Proficiency,2014
30,Taiwan,52.56,Moderate Proficiency,2014
31,Hong Kong,52.5,Moderate Proficiency,2014
32,U.A.E.,51.8,Low Proficiency,2014
33,Vietnam,51.57,Low Proficiency,2014
34,Peru,51.46,Low Proficiency,2014
35,Ecuador,51.05,Low Proficiency,2014
36,Russia,50.44,Low Proficiency,2014
37,China,50.15,Low Proficiency,2014
38,Brazil,49.96,Low Proficiency,2014
39,Mexico,49.83,Low Proficiency,2014
40,Uruguay,49.61,Low Proficiency,2014
41,Chile,48.75,Low Proficiency,2014
42,Colombia,48.54,Low Proficiency,2014
43,Costa Rica,48.53,Low Proficiency,2014
44,Ukraine,48.5,Low Proficiency,2014
45,Jordan,47.82,Very Low Proficiency,2014
46,Qatar,47.81,Very Low Proficiency,2014
47,Turkey,47.8,Very Low Proficiency,2014
48,Thailand,47.79,Very Low Proficiency,2014
49,Sri Lanka,46.37,Very Low Proficiency,2014
50,Venezuela,46.12,Very Low Proficiency,2014
51,Guatemala,45.77,Very Low Proficiency,2014
52,Panama,43.7,Very Low Proficiency,2014
53,El Salvador,43.46,Very Low Proficiency,2014
54,Kazakhstan,42.97,Very Low Proficiency,2014
55,Morocco,42.43,Very Low Proficiency,2014
56,Egypt,42.13,Very Low Proficiency,2014
57,Iran,41.83,Very Low Proficiency,2014
58,Kuwait,41.8,Very Low Proficiency,2014
59,Saudi Arabia,39.48,Very Low Proficiency,2014
60,Algeria,38.51,Very Low Proficiency,2014
61,Cambodia,38.25,Very Low Proficiency,2014
62,Libya,38.19,Very Low Proficiency,2014
63,Iraq,38.02,Very Low Proficiency,2014
1,Sweden,70.94,Very High Proficiency,2015
2,Netherlands,70.58,Very High Proficiency,2015
3,Denmark,70.05,Very High Proficiency,2015
4,Norway,67.83,Very High Proficiency,2015
5,Finland,65.32,Very High Proficiency,2015
6,Slovenia,64.97,Very High Proficiency,2015
7,Estonia,63.73,Very High Proficiency,2015
8,Luxembourg,63.45,Very High Proficiency,2015
9,Poland,62.95,Very High Proficiency,2015
10,Austria,61.97,High Proficiency,2015
11,Germany,61.83,High Proficiency,2015
12,Singapore,61.08,High Proficiency,2015
13,Portugal,60.61,High Proficiency,2015
14,Malaysia,60.3,High Proficiency,2015
15,Argentina,60.26,High Proficiency,2015
16,Romania,59.69,High Proficiency,2015
17,Belgium,59.13,High Proficiency,2015
18,Czech Republic,59.01,High Proficiency,2015
19,Switzerland,58.43,High Proficiency,2015
20,India,58.21,High Proficiency,2015
21,Hungary,57.9,High Proficiency,2015
22,Latvia,57.16,Moderate Proficiency,2015
23,Spain,56.8,Moderate Proficiency,2015
24,Dominican Republic,56.71,Moderate Proficiency,2015
25,Slovakia,56.34,Moderate Proficiency,2015
26,Lithuania,55.08,Moderate Proficiency,2015
27,South Korea,54.52,Moderate Proficiency,2015
28,Italy,54.02,Moderate Proficiency,2015
29,Vietnam,53.81,Moderate Proficiency,2015
30,Japan,53.57,Moderate Proficiency,2015
31,Taiwan,53.18,Moderate Proficiency,2015
32,Indonesia,52.91,Moderate Proficiency,2015
33,Hong Kong,52.7,Moderate Proficiency,2015
34,Ukraine,52.61,Moderate Proficiency,2015
35,Peru,52.46,Low Proficiency,2015
36,Chile,51.88,Low Proficiency,2015
37,France,51.84,Low Proficiency,2015
38,Ecuador,51.67,Low Proficiency,2015
39,Russia,51.59,Low Proficiency,2015
40,Mexico,51.34,Low Proficiency,2015
41,Brazil,51.05,Low Proficiency,2015
42,U.A.E.,50.87,Low Proficiency,2015
43,Costa Rica,50.53,Low Proficiency,2015
44,Uruguay,50.25,Low Proficiency,2015
45,Pakistan,49.96,Low Proficiency,2015
46,Guatemala,49.67,Low Proficiency,2015
47,China,49.41,Low Proficiency,2015
48,Panama,48.77,Low Proficiency,2015
49,Sri Lanka,47.89,Very Low Proficiency,2015
50,Turkey,47.62,Very Low Proficiency,2015
51,Yemen,47.6,Very Low Proficiency,2015
52,Morocco,47.4,Very Low Proficiency,2015
53,Jordan,47.33,Very Low Proficiency,2015
54,Kazakhstan,47.04,Very Low Proficiency,2015
55,Egypt,46.73,Very Low Proficiency,2015
56,Iran,46.59,Very Low Proficiency,2015
57,Colombia,46.54,Very Low Proficiency,2015
58,Oman,46.34,Very Low Proficiency,2015
59,Venezuela,46.14,Very Low Proficiency,2015
60,Azerbaijan,46.12,Very Low Proficiency,2015
61,El Salvador,45.52,Very Low Proficiency,2015
62,Thailand,45.35,Very Low Proficiency,2015
63,Qatar,43.72,Very Low Proficiency,2015
64,Mongolia,43.64,Very Low Proficiency,2015
65,Kuwait,42.65,Very Low Proficiency,2015
66,Iraq,40.69,Very Low Proficiency,2015
67,Algeria,40.34,Very Low Proficiency,2015
68,Saudi Arabia,39.93,Very Low Proficiency,2015
69,Cambodia,39.15,Very Low Proficiency,2015
70,Libya,37.86,Very Low Proficiency,2015
1,Netherlands,72.16,Very High Proficiency,2016
2,Denmark,71.15,Very High Proficiency,2016
3,Sweden,70.81,Very High Proficiency,2016
4,Norway,68.54,Very High Proficiency,2016
5,Finland,66.61,Very High Proficiency,2016
6,Singapore,63.52,Very High Proficiency,2016
7,Luxembourg,63.2,Very High Proficiency,2016
8,Austria,62.13,High Proficiency,2016
9,Germany,61.58,High Proficiency,2016
10,Poland,61.49,High Proficiency,2016
11,Belgium,60.9,High Proficiency,2016
12,Malaysia,60.7,High Proficiency,2016
13,Philippines,60.33,High Proficiency,2016
14,Switzerland,60.17,High Proficiency,2016
15,Portugal,59.68,High Proficiency,2016
16,Czech Republic,59.09,High Proficiency,2016
17,Serbia,59.07,High Proficiency,2016
18,Hungary,58.72,High Proficiency,2016
19,Argentina,58.4,High Proficiency,2016
20,Romania,58.14,High Proficiency,2016
21,Slovakia,57.34,Moderate Proficiency,2016
22,India,57.3,Moderate Proficiency,2016
23,Dominican Republic,57.24,Moderate Proficiency,2016
24,Bulgaria,56.79,Moderate Proficiency,2016
25,Spain,56.66,Moderate Proficiency,2016
26,Bosnia & Herzegovina,56.17,Moderate Proficiency,2016
27,South Korea,54.87,Moderate Proficiency,2016
28,Italy,54.63,Moderate Proficiency,2016
29,France,54.39,Moderate Proficiency,2016
30,Hong Kong,54.29,Moderate Proficiency,2016
31,Vietnam,54.06,Moderate Proficiency,2016
32,Indonesia,52.94,Moderate Proficiency,2016
33,Taiwan,52.82,Moderate Proficiency,2016
34,Russia,52.32,Low Proficiency,2016
35,Japan,51.69,Low Proficiency,2016
36,Uruguay,51.63,Low Proficiency,2016
37,Macau,51.36,Low Proficiency,2016
38,Costa Rica,51.35,Low Proficiency,2016
39,China,50.94,Low Proficiency,2016
40,Brazil,50.66,Low Proficiency,2016
41,Ukraine,50.62,Low Proficiency,2016
42,Chile,50.1,Low Proficiency,2016
43,Mexico,49.88,Low Proficiency,2016
44,Morocco,49.86,Low Proficiency,2016
45,Peru,49.84,Low Proficiency,2016
46,U.A.E.,49.81,Low Proficiency,2016
47,Ecuador,49.13,Low Proficiency,2016
48,Pakistan,48.78,Low Proficiency,2016
49,Colombia,48.41,Very Low Proficiency,2016
50,Panama,48.08,Very Low Proficiency,2016
51,Turkey,47.89,Very Low Proficiency,2016
52,Tunisia,47.7,Very Low Proficiency,2016
53,Guatemala,47.64,Very Low Proficiency,2016
54,Kazakhstan,47.42,Very Low Proficiency,2016
55,Egypt,47.32,Very Low Proficiency,2016
56,Thailand,47.21,Very Low Proficiency,2016
57,Azerbaijan,46.9,Very Low Proficiency,2016
58,Sri Lanka,46.58,Very Low Proficiency,2016
59,Qatar,46.57,Very Low Proficiency,2016
60,Venezuela,46.53,Very Low Proficiency,2016
61,Iran,46.38,Very Low Proficiency,2016
62,Jordan,45.85,Very Low Proficiency,2016
63,El Salvador,43.83,Very Low Proficiency,2016
64,Oman,43.44,Very Low Proficiency,2016
65,Kuwait,42.98,Very Low Proficiency,2016
66,Mongolia,42.77,Very Low Proficiency,2016
67,Algeria,41.6,Very Low Proficiency,2016
68,Saudi Arabia,40.91,Very Low Proficiency,2016
69,Cambodia,39.48,Very Low Proficiency,2016
70,Laos,38.45,Very Low Proficiency,2016
71,Libya,37.82,Very Low Proficiency,2016
72,Iraq,37.65,Very Low Proficiency,2016
1,Netherlands,71.45,Very High Proficiency,2017
2,Sweden,70.4,Very High Proficiency,2017
3,Denmark,69.93,Very High Proficiency,2017
4,Norway,67.77,Very High Proficiency,2017
5,Singapore,66.03,Very High Proficiency,2017
6,Finland,65.83,Very High Proficiency,2017
7,Luxembourg,64.57,Very High Proficiency,2017
8,South Africa,63.37,Very High Proficiency,2017
9,Germany,62.35,High Proficiency,2017
10,Austria,62.18,High Proficiency,2017
11,Poland,62.07,High Proficiency,2017
12,Belgium,61.58,High Proficiency,2017
13,Malaysia,61.07,High Proficiency,2017
14,Switzerland,60.95,High Proficiency,2017
15,Philippines,60.59,High Proficiency,2017
16,Serbia,59.37,High Proficiency,2017
17,Romania,59.13,High Proficiency,2017
18,Portugal,58.76,High Proficiency,2017
19,Hungary,58.61,High Proficiency,2017
20,Czech Republic,57.87,High Proficiency,2017
21,Slovakia,57.63,High Proficiency,2017
22,Bulgaria,57.34,Moderate Proficiency,2017
23,Greece,57.14,Moderate Proficiency,2017
24,Lithuania,57.08,Moderate Proficiency,2017
25,Argentina,56.51,Moderate Proficiency,2017
26,Dominican Republic,56.31,Moderate Proficiency,2017
27,India,56.12,Moderate Proficiency,2017
28,Spain,56.06,Moderate Proficiency,2017
29,Hong Kong,55.81,Moderate Proficiency,2017
30,South Korea,55.32,Moderate Proficiency,2017
31,Nigeria,54.74,Moderate Proficiency,2017
32,France,54.39,Moderate Proficiency,2017
33,Italy,54.19,Moderate Proficiency,2017
34,Vietnam,53.43,Moderate Proficiency,2017
35,Costa Rica,53.13,Moderate Proficiency,2017
36,China,52.45,Low Proficiency,2017
37,Japan,52.34,Low Proficiency,2017
38,Russia,52.19,Low Proficiency,2017
39,Indonesia,52.15,Low Proficiency,2017
40,Taiwan,52.04,Low Proficiency,2017
41,Brazil,51.92,Low Proficiency,2017
42,Macau,51.87,Low Proficiency,2017
43,Uruguay,51.73,Low Proficiency,2017
44,Mexico,51.57,Low Proficiency,2017
45,Chile,51.5,Low Proficiency,2017
46,Bangladesh,50.96,Low Proficiency,2017
47,Ukraine,50.91,Low Proficiency,2017
48,Cuba,50.83,Low Proficiency,2017
49,Panama,50.68,Low Proficiency,2017
50,Peru,50.5,Low Proficiency,2017
51,Colombia,49.97,Low Proficiency,2017
52,Pakistan,49.88,Low Proficiency,2017
53,Thailand,49.78,Low Proficiency,2017
54,Guatemala,49.52,Low Proficiency,2017
55,Ecuador,49.42,Low Proficiency,2017
56,Tunisia,49.01,Low Proficiency,2017
57,U.A.E.,48.88,Low Proficiency,2017
58,Syria,48.49,Very Low Proficiency,2017
59,Qatar,48.19,Very Low Proficiency,2017
60,Morocco,47.91,Very Low Proficiency,2017
61,Sri Lanka,47.84,Very Low Proficiency,2017
62,Turkey,47.8,Very Low Proficiency,2017
63,Jordan,47.4,Very Low Proficiency,2017
64,Azerbaijan,46.97,Very Low Proficiency,2017
65,Iran,46.6,Very Low Proficiency,2017
66,Egypt,46.51,Very Low Proficiency,2017
67,Kazakhstan,45.95,Very Low Proficiency,2017
68,Venezuela,45.71,Very Low Proficiency,2017
69,El Salvador,45.7,Very Low Proficiency,2017
70,Oman,44.48,Very Low Proficiency,2017
71,Mongolia,44.21,Very Low Proficiency,2017
72,Saudi Arabia,43.98,Very Low Proficiency,2017
73,Angola,43.49,Very Low Proficiency,2017
74,Kuwait,42.77,Very Low Proficiency,2017
75,Cameroon,42.45,Very Low Proficiency,2017
76,Algeria,42.11,Very Low Proficiency,2017
77,Cambodia,41.98,Very Low Proficiency,2017
78,Libya,38.61,Very Low Proficiency,2017
79,Iraq,38.12,Very Low Proficiency,2017
80,Laos,37.56,Very Low Proficiency,2017
1,Sweden,70.72,Very High Proficiency,2018
2,Netherlands,70.31,Very High Proficiency,2018
3,Singapore,68.63,Very High Proficiency,2018
4,Norway,68.38,Very High Proficiency,2018
5,Denmark,67.34,Very High Proficiency,2018
6,South Africa,66.52,Very High Proficiency,2018
7,Luxembourg,66.33,Very High Proficiency,2018
8,Finland,65.86,Very High Proficiency,2018
9,Slovenia,64.84,Very High Proficiency,2018
10,Germany,63.74,Very High Proficiency,2018
11,Belgium,63.52,Very High Proficiency,2018
12,Austria,63.13,Very High Proficiency,2018
13,Poland,62.45,High Proficiency,2018
14,Philippines,61.84,High Proficiency,2018
15,Switzerland,61.77,High Proficiency,2018
16,Romania,60.31,High Proficiency,2018
17,Croatia,60.16,High Proficiency,2018
18,Serbia,60.04,High Proficiency,2018
19,Portugal,60.02,High Proficiency,2018
20,Czech Republic,59.99,High Proficiency,2018
21,Hungary,59.51,High Proficiency,2018
22,Malaysia,59.32,High Proficiency,2018
23,Greece,58.49,High Proficiency,2018
24,Slovakia,58.11,High Proficiency,2018
25,Bulgaria,57.95,High Proficiency,2018
26,Lithuania,57.81,High Proficiency,2018
27,Argentina,57.58,High Proficiency,2018
28,India,57.13,Moderate Proficiency,2018
29,Nigeria,56.72,Moderate Proficiency,2018
30,Hong Kong SAR,56.38,Moderate Proficiency,2018
31,South Korea,56.27,Moderate Proficiency,2018
32,Spain,55.85,Moderate Proficiency,2018
33,Lebanon,55.79,Moderate Proficiency,2018
34,Italy,55.77,Moderate Proficiency,2018
35,France,55.49,Moderate Proficiency,2018
36,Costa Rica,55.01,Moderate Proficiency,2018
37,Dominican Republic,54.97,Moderate Proficiency,2018
38,Belarus,53.53,Moderate Proficiency,2018
39,Senegal,53.5,Moderate Proficiency,2018
40,Uruguay,53.41,Moderate Proficiency,2018
41,Vietnam,53.12,Moderate Proficiency,2018
42,Russia,52.96,Moderate Proficiency,2018
43,Ukraine,52.86,Moderate Proficiency,2018
44,Macau SAR,52.57,Moderate Proficiency,2018
45,Georgia,52.28,Low Proficiency,2018
46,Chile,52.01,Low Proficiency,2018
47,China,51.94,Low Proficiency,2018
48,Taiwan,51.88,Low Proficiency,2018
49,Japan,51.8,Low Proficiency,2018
50,Pakistan,51.66,Low Proficiency,2018
51,Indonesia,51.58,Low Proficiency,2018
52,Albania,51.49,Low Proficiency,2018
53,Brazil,50.93,Low Proficiency,2018
54,Ethiopia,50.79,Low Proficiency,2018
55,Guatemala,50.63,Low Proficiency,2018
56,Panama,49.98,Low Proficiency,2018
57,Mexico,49.76,Low Proficiency,2018
58,Sri Lanka,49.39,Low Proficiency,2018
59,Peru,49.32,Low Proficiency,2018
60,Colombia,48.9,Low Proficiency,2018
61,Bolivia,48.87,Low Proficiency,2018
62,Egypt,48.76,Low Proficiency,2018
63,Bangladesh,48.72,Low Proficiency,2018
64,Thailand,48.54,Low Proficiency,2018
65,Ecuador,48.52,Low Proficiency,2018
66,Iran,48.29,Very Low Proficiency,2018
67,Morocco,48.1,Very Low Proficiency,2018
68,Tunisia,47.85,Very Low Proficiency,2018
69,Honduras,47.8,Very Low Proficiency,2018
70,El Salvador,47.42,Very Low Proficiency,2018
71,U.A.E.,47.27,Very Low Proficiency,2018
72,Nicaragua,47.26,Very Low Proficiency,2018
73,Turkey,47.17,Very Low Proficiency,2018
74,Jordan,47.1,Very Low Proficiency,2018
75,Venezuela,46.61,Very Low Proficiency,2018
76,Syria,46.37,Very Low Proficiency,2018
77,Azerbaijan,45.85,Very Low Proficiency,2018
78,Kuwait,45.64,Very Low Proficiency,2018
79,Oman,45.56,Very Low Proficiency,2018
80,Kazakhstan,45.19,Very Low Proficiency,2018
81,Algeria,44.5,Very Low Proficiency,2018
82,Myanmar,44.23,Very Low Proficiency,2018
83,Saudi Arabia,43.65,Very Low Proficiency,2018
84,Afghanistan,43.64,Very Low Proficiency,2018
85,Cambodia,42.86,Very Low Proficiency,2018
86,Uzbekistan,42.53,Very Low Proficiency,2018
87,Iraq,40.82,Very Low Proficiency,2018
88,Libya,39.64,Very Low Proficiency,2018
1,Netherlands,70.27,Very High Proficiency,2019
2,Sweden,68.74,Very High Proficiency,2019
3,Norway,67.93,Very High Proficiency,2019
4,Denmark,67.87,Very High Proficiency,2019
5,Singapore,66.82,Very High Proficiency,2019
6,South Africa,65.38,Very High Proficiency,2019
7,Finland,65.34,Very High Proficiency,2019
8,Austria,64.11,Very High Proficiency,2019
9,Luxembourg,64.03,Very High Proficiency,2019
10,Germany,63.77,Very High Proficiency,2019
11,Poland,63.76,Very High Proficiency,2019
12,Portugal,63.14,Very High Proficiency,2019
13,Belgium,63.09,Very High Proficiency,2019
14,Croatia,63.07,Very High Proficiency,2019
15,Hungary,61.86,High Proficiency,2019
16,Romania,61.36,High Proficiency,2019
17,Serbia,61.3,High Proficiency,2019
18,Kenya,60.51,High Proficiency,2019
19,Switzerland,60.23,High Proficiency,2019
20,Philippines,60.14,High Proficiency,2019
21,Lithuania,60.11,High Proficiency,2019
22,Greece,59.87,High Proficiency,2019
23,Czech Republic,59.3,High Proficiency,2019
24,Bulgaria,58.97,High Proficiency,2019
25,Slovakia,58.82,High Proficiency,2019
26,Malaysia,58.55,High Proficiency,2019
27,Argentina,58.38,High Proficiency,2019
28,Estonia,58.29,High Proficiency,2019
29,Nigeria,58.26,High Proficiency,2019
30,Costa Rica,57.38,Moderate Proficiency,2019
31,France,57.25,Moderate Proficiency,2019
32,Latvia,56.85,Moderate Proficiency,2019
33,"Hong Kong, China",55.63,Moderate Proficiency,2019
34,India,55.49,Moderate Proficiency,2019
35,Spain,55.46,Moderate Proficiency,2019
36,Italy,55.31,Moderate Proficiency,2019
37,South Korea,55.04,Moderate Proficiency,2019
38,"Taiwan, China",54.18,Moderate Proficiency,2019
39,Uruguay,54.08,Moderate Proficiency,2019
40,China,53.44,Moderate Proficiency,2019
41,"Macau, China",53.34,Moderate Proficiency,2019
42,Chile,52.89,Moderate Proficiency,2019
43,Cuba,52.7,Moderate Proficiency,2019
44,Dominican Republic,52.58,Moderate Proficiency,2019
45,Paraguay,52.51,Moderate Proficiency,2019
46,Guatemala,52.5,Moderate Proficiency,2019
47,Belarus,52.39,Low Proficiency,2019
48,Russia,52.14,Low Proficiency,2019
49,Ukraine,52.13,Low Proficiency,2019
50,Albania,51.99,Low Proficiency,2019
51,Bolivia,51.64,Low Proficiency,2019
52,Vietnam,51.57,Low Proficiency,2019
53,Japan,51.51,Low Proficiency,2019
54,Pakistan,51.41,Low Proficiency,2019
55,Bahrain,50.92,Low Proficiency,2019
56,Georgia,50.62,Low Proficiency,2019
57,Honduras,50.53,Low Proficiency,2019
58,Peru,50.22,Low Proficiency,2019
59,Brazil,50.1,Low Proficiency,2019
60,El Salvador,50.09,Low Proficiency,2019
61,Indonesia,50.06,Low Proficiency,2019
62,Nicaragua,49.89,Low Proficiency,2019
63,Ethiopia,49.64,Low Proficiency,2019
64,Panama,49.6,Low Proficiency,2019
65,Tunisia,49.04,Low Proficiency,2019
66,Nepal,49.0,Low Proficiency,2019
67,Mexico,48.99,Low Proficiency,2019
68,Colombia,48.75,Low Proficiency,2019
69,Iran,48.69,Low Proficiency,2019
70,U.A.E.,48.19,Very Low Proficiency,2019
71,Bangladesh,48.11,Very Low Proficiency,2019
72,Maldives,48.02,Very Low Proficiency,2019
73,Venezuela,47.81,Very Low Proficiency,2019
74,Thailand,47.61,Very Low Proficiency,2019
75,Jordan,47.21,Very Low Proficiency,2019
76,Morocco,47.19,Very Low Proficiency,2019
77,Egypt,47.11,Very Low Proficiency,2019
78,Sri Lanka,47.1,Very Low Proficiency,2019
79,Turkey,46.81,Very Low Proficiency,2019
80,Qatar,46.79,Very Low Proficiency,2019
81,Ecuador,46.57,Very Low Proficiency,2019
82,Syria,46.36,Very Low Proficiency,2019
83,Cameroon,46.28,Very Low Proficiency,2019
84,Kuwait,46.22,Very Low Proficiency,2019
85,Azerbaijan,46.13,Very Low Proficiency,2019
86,Myanmar,46.0,Very Low Proficiency,2019
87,Sudan,45.94,Very Low Proficiency,2019
88,Mongolia,45.56,Very Low Proficiency,2019
89,Afghanistan,45.36,Very Low Proficiency,2019
90,Algeria,45.28,Very Low Proficiency,2019
91,Angola,44.54,Very Low Proficiency,2019
92,Oman,44.39,Very Low Proficiency,2019
93,Kazakhstan,43.83,Very Low Proficiency,2019
94,Cambodia,43.78,Very Low Proficiency,2019
95,Uzbekistan,43.18,Very Low Proficiency,2019
96,Ivory Coast,42.41,Very Low Proficiency,2019
97,Iraq,42.39,Very Low Proficiency,2019
98,Saudi Arabia,41.6,Very Low Proficiency,2019
99,Kyrgyzstan,41.51,Very Low Proficiency,2019
100,Libya,40.87,Very Low Proficiency,2019
1,Netherlands,652.0,Very High Proficiency,2020
2,Denmark,632.0,Very High Proficiency,2020
3,Finland,631.0,Very High Proficiency,2020
4,Sweden,625.0,Very High Proficiency,2020
5,Norway,624.0,Very High Proficiency,2020
6,Austria,623.0,Very High Proficiency,2020
7,Portugal,618.0,Very High Proficiency,2020
8,Germany,616.0,Very High Proficiency,2020
9,Belgium,612.0,Very High Proficiency,2020
10,Singapore,611.0,Very High Proficiency,2020
11,Luxembourg,610.0,Very High Proficiency,2020
12,South Africa,607.0,Very High Proficiency,2020
13,Croatia,599.0,High Proficiency,2020
14,Hungary,598.0,High Proficiency,2020
15,Serbia,597.0,High Proficiency,2020
16,Poland,596.0,High Proficiency,2020
17,Romania,589.0,High Proficiency,2020
18,Switzerland,588.0,High Proficiency,2020
19,Czech Republic,580.0,High Proficiency,2020
20,Bulgaria,579.0,High Proficiency,2020
21,Greece,578.0,High Proficiency,2020
22,Kenya,577.0,High Proficiency,2020
23,Slovakia,577.0,High Proficiency,2020
24,Lithuania,570.0,High Proficiency,2020
25,Argentina,566.0,High Proficiency,2020
26,Estonia,566.0,High Proficiency,2020
27,Philippines,562.0,High Proficiency,2020
28,France,559.0,High Proficiency,2020
29,Latvia,555.0,High Proficiency,2020
30,Italy,547.0,Moderate Proficiency,2020
31,Malaysia,547.0,Moderate Proficiency,2020
32,South Korea,545.0,Moderate Proficiency,2020
33,"Hong Kong, China",542.0,Moderate Proficiency,2020
34,Nigeria,537.0,Moderate Proficiency,2020
35,Spain,537.0,Moderate Proficiency,2020
36,Costa Rica,530.0,Moderate Proficiency,2020
37,Chile,523.0,Moderate Proficiency,2020
38,China,520.0,Moderate Proficiency,2020
39,Paraguay,517.0,Moderate Proficiency,2020
40,Belarus,513.0,Moderate Proficiency,2020
41,Cuba,512.0,Moderate Proficiency,2020
42,Russia,512.0,Moderate Proficiency,2020
43,Albania,511.0,Moderate Proficiency,2020
44,Ukraine,510.0,Moderate Proficiency,2020
45,"Macau, China",505.0,Moderate Proficiency,2020
46,Bolivia,504.0,Moderate Proficiency,2020
47,Georgia,503.0,Moderate Proficiency,2020
48,Dominican Republic,499.0,Low Proficiency,2020
49,Honduras,498.0,Low Proficiency,2020
50,India,496.0,Low Proficiency,2020
51,Armenia,494.0,Low Proficiency,2020
52,Uruguay,494.0,Low Proficiency,2020
53,Brazil,490.0,Low Proficiency,2020
54,Tunisia,489.0,Low Proficiency,2020
55,Japan,487.0,Low Proficiency,2020
56,El Salvador,483.0,Low Proficiency,2020
57,Iran,483.0,Low Proficiency,2020
58,Panama,483.0,Low Proficiency,2020
59,Peru,482.0,Low Proficiency,2020
60,Nepal,480.0,Low Proficiency,2020
61,Pakistan,478.0,Low Proficiency,2020
62,Ethiopia,477.0,Low Proficiency,2020
63,Bangladesh,476.0,Low Proficiency,2020
64,Guatemala,476.0,Low Proficiency,2020
65,Vietnam,473.0,Low Proficiency,2020
66,United Arab Emirates,472.0,Low Proficiency,2020
67,Venezuela,471.0,Low Proficiency,2020
68,Sri Lanka,466.0,Low Proficiency,2020
69,Turkey,465.0,Low Proficiency,2020
70,Kuwait,461.0,Low Proficiency,2020
71,Qatar,459.0,Low Proficiency,2020
72,Jordan,456.0,Low Proficiency,2020
73,Nicaragua,455.0,Low Proficiency,2020
74,Bahrain,453.0,Low Proficiency,2020
75,Indonesia,453.0,Low Proficiency,2020
76,Morocco,453.0,Low Proficiency,2020
77,Colombia,448.0,Very Low Proficiency,2020
78,Mongolia,446.0,Very Low Proficiency,2020
79,Afghanistan,445.0,Very Low Proficiency,2020
80,Angola,444.0,Very Low Proficiency,2020
81,Algeria,442.0,Very Low Proficiency,2020
82,Mexico,440.0,Very Low Proficiency,2020
83,Egypt,437.0,Very Low Proficiency,2020
84,Cambodia,435.0,Very Low Proficiency,2020
85,Sudan,434.0,Very Low Proficiency,2020
86,Azerbaijan,432.0,Very Low Proficiency,2020
87,Syria,431.0,Very Low Proficiency,2020
88,Uzbekistan,430.0,Very Low Proficiency,2020
89,Cameroon,419.0,Very Low Proficiency,2020
90,Thailand,419.0,Very Low Proficiency,2020
91,Ivory Coast,414.0,Very Low Proficiency,2020
92,Kazakhstan,412.0,Very Low Proficiency,2020
93,Ecuador,411.0,Very Low Proficiency,2020
94,Myanmar,411.0,Very Low Proficiency,2020
95,Rwanda,408.0,Very Low Proficiency,2020
96,Kyrgyzstan,405.0,Very Low Proficiency,2020
97,Saudi Arabia,399.0,Very Low Proficiency,2020
98,Oman,398.0,Very Low Proficiency,2020
99,Iraq,383.0,Very Low Proficiency,2020
100,Tajikistan,381.0,Very Low Proficiency,2020
1,Netherlands,663.0,Very High Proficiency,2021
2,Austria,641.0,Very High Proficiency,2021
3,Denmark,636.0,Very High Proficiency,2021
4,Singapore,635.0,Very High Proficiency,2021
5,Norway,632.0,Very High Proficiency,2021
6,Belgium,629.0,Very High Proficiency,2021
7,Portugal,625.0,Very High Proficiency,2021
8,Sweden,623.0,Very High Proficiency,2021
9,Finland,618.0,Very High Proficiency,2021
10,Croatia,617.0,Very High Proficiency,2021
11,Germany,616.0,Very High Proficiency,2021
12,South Africa,606.0,Very High Proficiency,2021
13,Luxembourg,604.0,Very High Proficiency,2021
14,Serbia,599.0,High Proficiency,2021
15,Romania,598.0,High Proficiency,2021
16,Poland,597.0,High Proficiency,2021
17,Hungary,593.0,High Proficiency,2021
18,Philippines,592.0,High Proficiency,2021
19,Greece,591.0,High Proficiency,2021
20,Slovakia,590.0,High Proficiency,2021
21,Kenya,587.0,High Proficiency,2021
22,Estonia,581.0,High Proficiency,2021
23,Bulgaria,580.0,High Proficiency,2021
24,Lithuania,579.0,High Proficiency,2021
25,Switzerland,575.0,High Proficiency,2021
26,Latvia,569.0,High Proficiency,2021
27,Czech Republic,563.0,High Proficiency,2021
28,Malaysia,562.0,High Proficiency,2021
29,Nigeria,560.0,High Proficiency,2021
30,Argentina,556.0,High Proficiency,2021
31,France,551.0,High Proficiency,2021
32,"Hong Kong,China",545.0,Moderate Proficiency,2021
33,Spain,540.0,Moderate Proficiency,2021
34,Lebanon,536.0,Moderate Proficiency,2021
35,Italy,535.0,Moderate Proficiency,2021
36,Moldova,532.0,Moderate Proficiency,2021
37,South Korea,529.0,Moderate Proficiency,2021
38,Belarus,528.0,Moderate Proficiency,2021
39,Albania,527.0,Moderate Proficiency,2021
40,Ukraine,525.0,Moderate Proficiency,2021
41,Bolivia,524.0,Moderate Proficiency,2021
42,Ghana,523.0,Moderate Proficiency,2021
43,Cuba,521.0,Moderate Proficiency,2021
44,Costa Rica,520.0,Moderate Proficiency,2021
44,Dominican Republic,520.0,Moderate Proficiency,2021
44,Paraguay,520.0,Moderate Proficiency,2021
47,Chile,516.0,Moderate Proficiency,2021
48,India,515.0,Moderate Proficiency,2021
49,China,513.0,Moderate Proficiency,2021
50,Georgia,512.0,Moderate Proficiency,2021
51,Russia,511.0,Moderate Proficiency,2021
52,Tunisia,510.0,Moderate Proficiency,2021
53,Uruguay,509.0,Moderate Proficiency,2021
54,El Salvador,508.0,Moderate Proficiency,2021
55,Honduras,506.0,Moderate Proficiency,2021
56,Peru,505.0,Moderate Proficiency,2021
57,"Macau,China",504.0,Moderate Proficiency,2021
58,Iran,501.0,Moderate Proficiency,2021
59,Armenia,499.0,Low Proficiency,2021
60,Brazil,497.0,Low Proficiency,2021
61,Guatemala,493.0,Low Proficiency,2021
62,Nepal,492.0,Low Proficiency,2021
63,Ethiopia,491.0,Low Proficiency,2021
63,Pakistan,491.0,Low Proficiency,2021
65,Bangladesh,490.0,Low Proficiency,2021
66,Vietnam,486.0,Low Proficiency,2021
67,Tanzania,485.0,Low Proficiency,2021
68,Mozambique,482.0,Low Proficiency,2021
69,United Arab Emirates,480.0,Low Proficiency,2021
70,Turkey,478.0,Low Proficiency,2021
71,Morocco,477.0,Low Proficiency,2021
72,Bahrain,476.0,Low Proficiency,2021
73,Panama,475.0,Low Proficiency,2021
73,Venezuela,475.0,Low Proficiency,2021
75,Algeria,474.0,Low Proficiency,2021
76,Nicaragua,470.0,Low Proficiency,2021
77,Madagascar,469.0,Low Proficiency,2021
78,Japan,468.0,Low Proficiency,2021
79,Qatar,467.0,Low Proficiency,2021
80,Indonesia,466.0,Low Proficiency,2021
81,Colombia,465.0,Low Proficiency,2021
82,Sri Lanka,464.0,Low Proficiency,2021
83,Mongolia,461.0,Low Proficiency,2021
84,Kuwait,458.0,Low Proficiency,2021
85,Egypt,455.0,Low Proficiency,2021
86,Azerbaijan,451.0,Low Proficiency,2021
87,Afghanistan,448.0,Very Low Proficiency,2021
88,Uzbekistan,447.0,Very Low Proficiency,2021
89,Syria,445.0,Very Low Proficiency,2021
90,Ecuador,440.0,Very Low Proficiency,2021
90,Jordan,440.0,Very Low Proficiency,2021
92,Mexico,436.0,Very Low Proficiency,2021
93,Myanmar,429.0,Very Low Proficiency,2021
94,Angola,428.0,Very Low Proficiency,2021
94,Cameroon,428.0,Very Low Proficiency,2021
96,Kazakhstan,426.0,Very Low Proficiency,2021
97,Cambodia,423.0,Very Low Proficiency,2021
98,Sudan,421.0,Very Low Proficiency,2021
99,Ivory Coast,420.0,Very Low Proficiency,2021
100,Thailand,419.0,Very Low Proficiency,2021
101,Kyrgyzstan,418.0,Very Low Proficiency,2021
102,Oman,417.0,Very Low Proficiency,2021
103,Tajikistan,405.0,Very Low Proficiency,2021
104,Saudi Arabia,404.0,Very Low Proficiency,2021
105,Haiti,403.0,Very Low Proficiency,2021
106,Somalia,401.0,Very Low Proficiency,2021
107,Iraq,399.0,Very Low Proficiency,2021
108,Libya,390.0,Very Low Proficiency,2021
109,Rwanda,389.0,Very Low Proficiency,2021
110,Democratic Republic of the Congo,386.0,Very Low Proficiency,2021
111,South Sudan,363.0,Very Low Proficiency,2021
112,Yemen,360.0,Very Low Proficiency,2021
1,Netherlands,661.0,Very High Proficiency,2022
2,Singapore,642.0,Very High Proficiency,2022
3,Austria,628.0,Very High Proficiency,2022
4,Norway,627.0,Very High Proficiency,2022
5,Denmark,625.0,Very High Proficiency,2022
6,Belgium,620.0,Very High Proficiency,2022
7,Sweden,618.0,Very High Proficiency,2022
8,Finland,615.0,Very High Proficiency,2022
9,Portugal,614.0,Very High Proficiency,2022
10,Germany,613.0,Very High Proficiency,2022
11,Croatia,612.0,Very High Proficiency,2022
12,South Africa,609.0,Very High Proficiency,2022
13,Poland,600.0,Very High Proficiency,2022
14,Greece,598.0,High Proficiency,2022
15,Slovakia,597.0,High Proficiency,2022
16,Luxembourg,596.0,High Proficiency,2022
17,Romania,595.0,High Proficiency,2022
18,Hungary,590.0,High Proficiency,2022
19,Lithuania,589.0,High Proficiency,2022
20,Kenya,582.0,High Proficiency,2022
21,Bulgaria,581.0,High Proficiency,2022
22,Philippines,578.0,High Proficiency,2022
23,Czech Republic,575.0,High Proficiency,2022
24,Malaysia,574.0,High Proficiency,2022
25,Latvia,571.0,High Proficiency,2022
26,Estonia,570.0,High Proficiency,2022
27,Serbia,567.0,High Proficiency,2022
28,Nigeria,564.0,High Proficiency,2022
29,Switzerland,563.0,High Proficiency,2022
30,Argentina,562.0,High Proficiency,2022
31,"Hong Kong, China",561.0,High Proficiency,2022
32,Italy,548.0,Moderate Proficiency,2022
33,Spain,545.0,Moderate Proficiency,2022
34,France,541.0,Moderate Proficiency,2022
35,Ukraine,539.0,Moderate Proficiency,2022
36,South Korea,537.0,Moderate Proficiency,2022
37,Costa Rica,536.0,Moderate Proficiency,2022
38,Cuba,535.0,Moderate Proficiency,2022
39,Belarus,533.0,Moderate Proficiency,2022
40,Russia,530.0,Moderate Proficiency,2022
41,Ghana,529.0,Moderate Proficiency,2022
42,Moldova,528.0,Moderate Proficiency,2022
43,Paraguay,526.0,Moderate Proficiency,2022
44,Bolivia,525.0,Moderate Proficiency,2022
45,Chile,524.0,Moderate Proficiency,2022
46,Georgia,524.0,Moderate Proficiency,2022
47,Albania,523.0,Moderate Proficiency,2022
48,Honduras,522.0,Moderate Proficiency,2022
49,Uruguay,521.0,Moderate Proficiency,2022
50,El Salvador,519.0,Moderate Proficiency,2022
51,Peru,517.0,Moderate Proficiency,2022
52,India,516.0,Moderate Proficiency,2022
53,Dominican Republic,514.0,Moderate Proficiency,2022
54,Lebanon,513.0,Moderate Proficiency,2022
55,Uganda,512.0,Moderate Proficiency,2022
56,Tunisia,511.0,Moderate Proficiency,2022
57,Armenia,506.0,Moderate Proficiency,2022
58,Brazil,505.0,Moderate Proficiency,2022
59,Guatemala,505.0,Moderate Proficiency,2022
60,Vietnam,502.0,Moderate Proficiency,2022
61,Nicaragua,499.0,Low Proficiency,2022
62,China,498.0,Low Proficiency,2022
63,Tanzania,496.0,Low Proficiency,2022
64,Turkey,495.0,Low Proficiency,2022
65,Nepal,494.0,Low Proficiency,2022
66,Bangladesh,493.0,Low Proficiency,2022
67,Venezuela,492.0,Low Proficiency,2022
68,Ethiopia,490.0,Low Proficiency,2022
69,Iran,489.0,Low Proficiency,2022
70,Pakistan,488.0,Low Proficiency,2022
71,Sri Lanka,487.0,Low Proficiency,2022
72,Mongolia,485.0,Low Proficiency,2022
73,Qatar,484.0,Low Proficiency,2022
74,Israel,483.0,Low Proficiency,2022
75,Panama,482.0,Low Proficiency,2022
76,Morocco,478.0,Low Proficiency,2022
77,Colombia,477.0,Low Proficiency,2022
78,Algeria,476.0,Low Proficiency,2022
79,United Arab Emirates,476.0,Low Proficiency,2022
80,Japan,475.0,Low Proficiency,2022
81,Indonesia,469.0,Low Proficiency,2022
82,Ecuador,466.0,Low Proficiency,2022
83,Syria,461.0,Low Proficiency,2022
84,Kuwait,459.0,Low Proficiency,2022
85,Egypt,454.0,Low Proficiency,2022
86,Mozambique,453.0,Low Proficiency,2022
87,Afghanistan,450.0,Low Proficiency,2022
88,Mexico,447.0,Very Low Proficiency,2022
89,Uzbekistan,446.0,Very Low Proficiency,2022
90,Jordan,443.0,Very Low Proficiency,2022
91,Kyrgyzstan,442.0,Very Low Proficiency,2022
92,Azerbaijan,440.0,Very Low Proficiency,2022
93,Myanmar,437.0,Very Low Proficiency,2022
94,Cambodia,434.0,Very Low Proficiency,2022
95,Sudan,426.0,Very Low Proficiency,2022
96,Cameroon,425.0,Very Low Proficiency,2022
97,Thailand,423.0,Very Low Proficiency,2022
98,Haiti,421.0,Very Low Proficiency,2022
99,Kazakhstan,420.0,Very Low Proficiency,2022
100,Somalia,414.0,Very Low Proficiency,2022
101,Oman,412.0,Very Low Proficiency,2022
102,Saudi Arabia,406.0,Very Low Proficiency,2022
103,Iraq,404.0,Very Low Proficiency,2022
104,C么te d'Ivoire,403.0,Very Low Proficiency,2022
105,Angola,402.0,Very Low Proficiency,2022
106,Tajikistan,397.0,Very Low Proficiency,2022
107,Rwanda,392.0,Very Low Proficiency,2022
108,Libya,390.0,Very Low Proficiency,2022
109,Yemen,370.0,Very Low Proficiency,2022
110,Democratic Republic of the Congo,367.0,Very Low Proficiency,2022
111,Laos,364.0,Very Low Proficiency,2022
1,Netherlands,647.0,Very High Proficiency,2023
2,Singapore,631.0,Very High Proficiency,2023
3,Austria,616.0,Very High Proficiency,2023
4,Denmark,615.0,Very High Proficiency,2023
5,Norway,614.0,Very High Proficiency,2023
6,Sweden,609.0,Very High Proficiency,2023
7,Belgium,608.0,Very High Proficiency,2023
8,Portugal,607.0,Very High Proficiency,2023
9,South Africa,605.0,Very High Proficiency,2023
10,Germany,604.0,Very High Proficiency,2023
11,Croatia,603.0,Very High Proficiency,2023
12,Greece,602.0,Very High Proficiency,2023
13,Poland,598.0,High Proficiency,2023
14,Finland,597.0,High Proficiency,2023
15,Romania,596.0,High Proficiency,2023
16,Bulgaria,589.0,High Proficiency,2023
17,Hungary,588.0,High Proficiency,2023
18,Slovakia,587.0,High Proficiency,2023
19,Kenya,584.0,High Proficiency,2023
20,Philippines,578.0,High Proficiency,2023
21,Lithuania,576.0,High Proficiency,2023
22,Luxembourg,575.0,High Proficiency,2023
23,Estonia,570.0,High Proficiency,2023
24,Serbia,569.0,High Proficiency,2023
25,Malaysia,568.0,High Proficiency,2023
26,Czech Republic,565.0,High Proficiency,2023
27,Nigeria,562.0,High Proficiency,2023
28,Argentina,560.0,High Proficiency,2023
29,Hong Kong (China),553.0,High Proficiency,2023
30,Switzerland,553.0,High Proficiency,2023
31,Honduras,544.0,Moderate Proficiency,2023
32,Georgia,541.0,Moderate Proficiency,2023
33,Belarus,539.0,Moderate Proficiency,2023
34,Ghana,537.0,Moderate Proficiency,2023
35,Italy,535.0,Moderate Proficiency,2023
36,Moldova,535.0,Moderate Proficiency,2023
37,Spain,535.0,Moderate Proficiency,2023
38,Costa Rica,534.0,Moderate Proficiency,2023
39,Albania,533.0,Moderate Proficiency,2023
40,Uruguay,533.0,Moderate Proficiency,2023
41,Bolivia,532.0,Moderate Proficiency,2023
42,Russia,532.0,Moderate Proficiency,2023
43,Cuba,531.0,Moderate Proficiency,2023
44,France,531.0,Moderate Proficiency,2023
45,Paraguay,530.0,Moderate Proficiency,2023
46,Ukraine,530.0,Moderate Proficiency,2023
47,Uganda,529.0,Moderate Proficiency,2023
48,Armenia,528.0,Moderate Proficiency,2023
49,South Korea,525.0,Moderate Proficiency,2023
50,El Salvador,524.0,Moderate Proficiency,2023
51,Peru,521.0,Moderate Proficiency,2023
52,Chile,518.0,Moderate Proficiency,2023
53,Guatemala,515.0,Moderate Proficiency,2023
54,Israel,514.0,Moderate Proficiency,2023
55,Dominican Republic,512.0,Moderate Proficiency,2023
56,Venezuela,508.0,Moderate Proficiency,2023
57,Nepal,507.0,Moderate Proficiency,2023
58,Iran,505.0,Moderate Proficiency,2023
58,Vietnam,505.0,Moderate Proficiency,2023
60,Bangladesh,504.0,Moderate Proficiency,2023
60,India,504.0,Moderate Proficiency,2023
62,Nicaragua,503.0,Moderate Proficiency,2023
63,Tunisia,502.0,Moderate Proficiency,2023
64,Pakistan,497.0,Low Proficiency,2023
65,Lebanon,496.0,Low Proficiency,2023
66,Turkey,493.0,Low Proficiency,2023
67,Sri Lanka,491.0,Low Proficiency,2023
67,Tanzania,491.0,Low Proficiency,2023
69,Ethiopia,490.0,Low Proficiency,2023
70,Brazil,487.0,Low Proficiency,2023
71,Panama,486.0,Low Proficiency,2023
71,United Arab Emirates,486.0,Low Proficiency,2023
73,Mongolia,482.0,Low Proficiency,2023
73,Qatar,482.0,Low Proficiency,2023
75,Colombia,480.0,Low Proficiency,2023
76,Morocco,478.0,Low Proficiency,2023
77,Algeria,475.0,Low Proficiency,2023
78,Madagascar,474.0,Low Proficiency,2023
79,Indonesia,473.0,Low Proficiency,2023
80,Ecuador,467.0,Low Proficiency,2023
80,Syria,467.0,Low Proficiency,2023
82,China,464.0,Low Proficiency,2023
83,Azerbaijan,463.0,Low Proficiency,2023
83,Egypt,463.0,Low Proficiency,2023
85,Kuwait,461.0,Low Proficiency,2023
86,Malawi,460.0,Low Proficiency,2023
87,Japan,457.0,Low Proficiency,2023
88,Afghanistan,456.0,Low Proficiency,2023
89,Mexico,451.0,Low Proficiency,2023
90,Kyrgyzstan,450.0,Low Proficiency,2023
90,Myanmar,450.0,Low Proficiency,2023
92,Palestine,445.0,Very Low Proficiency,2023
93,Uzbekistan,442.0,Very Low Proficiency,2023
94,Cameroon,438.0,Very Low Proficiency,2023
94,Senegal,438.0,Very Low Proficiency,2023
96,Jordan,431.0,Very Low Proficiency,2023
97,Sudan,430.0,Very Low Proficiency,2023
98,Cambodia,421.0,Very Low Proficiency,2023
98,Haiti,421.0,Very Low Proficiency,2023
100,Oman,418.0,Very Low Proficiency,2023
101,Angola,416.0,Very Low Proficiency,2023
101,Benin,416.0,Very Low Proficiency,2023
101,Thailand,416.0,Very Low Proficiency,2023
104,Kazakhstan,415.0,Very Low Proficiency,2023
105,Somalia,411.0,Very Low Proficiency,2023
106,Iraq,410.0,Very Low Proficiency,2023
107,Côte d'Ivoire,409.0,Very Low Proficiency,2023
108,Saudi Arabia,408.0,Very Low Proficiency,2023
109,Rwanda,405.0,Very Low Proficiency,2023
110,Libya,392.0,Very Low Proficiency,2023
110,Yemen,392.0,Very Low Proficiency,2023
112,Tajikistan,388.0,Very Low Proficiency,2023
113,Democratic Republic of the Congo,385.0,Very Low Proficiency,2023
1,Netherlands,636.0,Very High Proficiency,2024
2,Norway,610.0,Very High Proficiency,2024
3,Singapore,609.0,Very High Proficiency,2024
4,Sweden,608.0,Very High Proficiency,2024
5,Croatia,607.0,Very High Proficiency,2024
6,Portugal,605.0,Very High Proficiency,2024
7,Denmark,603.0,Very High Proficiency,2024
8,Greece,602.0,Very High Proficiency,2024
9,Austria,600.0,Very High Proficiency,2024
10,Germany,598.0,High Proficiency,2024
11,South Africa,594.0,High Proficiency,2024
12,Romania,593.0,High Proficiency,2024
13,Belgium,592.0,High Proficiency,2024
14,Finland,590.0,High Proficiency,2024
15,Poland,588.0,High Proficiency,2024
16,Bulgaria,586.0,High Proficiency,2024
17,Hungary,585.0,High Proficiency,2024
18,Slovakia,584.0,High Proficiency,2024
19,Kenya,581.0,High Proficiency,2024
20,Estonia,578.0,High Proficiency,2024
21,Luxembourg,576.0,High Proficiency,2024
22,Philippines,570.0,High Proficiency,2024
23,Lithuania,569.0,High Proficiency,2024
24,Serbia,568.0,High Proficiency,2024
25,Czechia,567.0,High Proficiency,2024
26,Malaysia,566.0,High Proficiency,2024
27,Suriname,563.0,High Proficiency,2024
28,Argentina,562.0,High Proficiency,2024
29,Cyprus,558.0,High Proficiency,2024
30,Nigeria,557.0,High Proficiency,2024
31,Switzerland,550.0,High Proficiency,2024
32,Hong Kong (China),549.0,Moderate Proficiency,2024
33,Honduras,545.0,Moderate Proficiency,2024
34,Georgia,543.0,Moderate Proficiency,2024
35,Belarus,539.0,Moderate Proficiency,2024
36,Spain,538.0,Moderate Proficiency,2024
37,Uruguay,538.0,Moderate Proficiency,2024
38,Armenia,537.0,Moderate Proficiency,2024
39,Moldova,536.0,Moderate Proficiency,2024
40,Ukraine,535.0,Moderate Proficiency,2024
41,Costa Rica,534.0,Moderate Proficiency,2024
42,Ghana,534.0,Moderate Proficiency,2024
43,Albania,533.0,Moderate Proficiency,2024
44,Russia,532.0,Moderate Proficiency,2024
45,Paraguay,531.0,Moderate Proficiency,2024
46,Italy,528.0,Moderate Proficiency,2024
47,Bolivia,525.0,Moderate Proficiency,2024
48,Chile,525.0,Moderate Proficiency,2024
49,France,524.0,Moderate Proficiency,2024
50,South Korea,523.0,Moderate Proficiency,2024
51,Israel,522.0,Moderate Proficiency,2024
52,Cuba,520.0,Moderate Proficiency,2024
53,Peru,519.0,Moderate Proficiency,2024
54,Uganda,518.0,Moderate Proficiency,2024
55,El Salvador,513.0,Moderate Proficiency,2024
56,Nepal,512.0,Moderate Proficiency,2024
57,Venezuela,510.0,Moderate Proficiency,2024
58,Guatemala,507.0,Moderate Proficiency,2024
59,Nicaragua,505.0,Moderate Proficiency,2024
60,Dominican Republic,503.0,Moderate Proficiency,2024
61,Bangladesh,500.0,Moderate Proficiency,2024
62,Iran,499.0,Low Proficiency,2024
63,Ethiopia,498.0,Low Proficiency,2024
64,Vietnam,498.0,Low Proficiency,2024
65,Turkey,497.0,Low Proficiency,2024
66,Tunisia,496.0,Low Proficiency,2024
67,Pakistan,493.0,Low Proficiency,2024
68,Lebanon,492.0,Low Proficiency,2024
69,India,490.0,Low Proficiency,2024
70,United Arab Emirates,489.0,Low Proficiency,2024
71,Panama,488.0,Low Proficiency,2024
72,Tanzania,487.0,Low Proficiency,2024
73,Sri Lanka,486.0,Low Proficiency,2024
74,Colombia,485.0,Low Proficiency,2024
75,Qatar,480.0,Low Proficiency,2024
76,Morocco,479.0,Low Proficiency,2024
77,Syria,473.0,Low Proficiency,2024
78,Algeria,471.0,Low Proficiency,2024
79,Mozambique,469.0,Low Proficiency,2024
80,Indonesia,468.0,Low Proficiency,2024
81,Brazil,466.0,Low Proficiency,2024
82,Ecuador,465.0,Low Proficiency,2024
83,Egypt,465.0,Low Proficiency,2024
84,Mongolia,464.0,Low Proficiency,2024
85,Madagascar,463.0,Low Proficiency,2024
86,Azerbaijan,462.0,Low Proficiency,2024
87,Mexico,459.0,Low Proficiency,2024
88,Kyrgyzstan,457.0,Low Proficiency,2024
89,Cape Verde,456.0,Low Proficiency,2024
90,Kuwait,456.0,Low Proficiency,2024
91,China,455.0,Low Proficiency,2024
92,Japan,454.0,Very Low Proficiency,2024
93,Myanmar,449.0,Very Low Proficiency,2024
94,Palestine,448.0,Very Low Proficiency,2024
95,Afghanistan,447.0,Very Low Proficiency,2024
96,Malawi,447.0,Very Low Proficiency,2024
97,Cameroon,445.0,Very Low Proficiency,2024
98,Uzbekistan,439.0,Very Low Proficiency,2024
99,Haiti,432.0,Very Low Proficiency,2024
100,Sudan,432.0,Very Low Proficiency,2024
101,Jordan,431.0,Very Low Proficiency,2024
102,Senegal,429.0,Very Low Proficiency,2024
103,Kazakhstan,427.0,Very Low Proficiency,2024
104,Oman,421.0,Very Low Proficiency,2024
105,Saudi Arabia,417.0,Very Low Proficiency,2024
106,Thailand,415.0,Very Low Proficiency,2024
107,Iraq,414.0,Very Low Proficiency,2024
108,Benin,413.0,Very Low Proficiency,2024
109,Tajikistan,412.0,Very Low Proficiency,2024
110,Angola,409.0,Very Low Proficiency,2024
111,Cambodia,408.0,Very Low Proficiency,2024
112,Libya,405.0,Very Low Proficiency,2024
113,Rwanda,401.0,Very Low Proficiency,2024
114,C么te d'Ivoire,399.0,Very Low Proficiency,2024
115,Somalia,399.0,Very Low Proficiency,2024
116,Yemen,394.0,Very Low Proficiency,2024
